gene	expression
AARS	None
ABCF1	-1.3366382393944083
ABL1	-1.316528499609878
ACAA1	-1.344748675831395
ACAT2	-1.2621066097170615
ACLY	-1.3255638938079253
ADAM10	-1.272763329322179
ADH5	-1.3506074058078112
PARP1	-1.3480153896557086
ADRB2	-1.189033566949958
AGL	-1.4110055102715686
AKT1	-1.267325661443163
ALAS1	-1.3740526470323784
ALDOA	-1.353648027384004
ALDOC	-0.6528202095997471
SLC25A4	-1.372438597524809
ANXA7	-1.3295792581990205
APBB2	-1.257879593633463
BIRC2	-1.2955509565467889
BIRC5	None
APOE	-1.0649252643371954
APP	-1.3001561768875964
FAS	-0.8160941541885793
RHOA	-1.32043717495173
ARHGAP1	-0.9414410496256119
ASAH1	-1.2876856002468526
ATF1	-1.2315375040663612
ATP1B1	-1.3325017452744503
ALDH7A1	-0.8611058325532629
ATP6V0B	-1.2341914668514131
BAD	-1.0045640662499158
BAX	-0.5211490040805163
CCND1	-0.5907481879959163
BCL2	-1.240598446208906
BDH1	-0.9849325608609919
BID	-0.929128116179457
BLMH	-0.9700613916716915
BLVRA	-1.0470977332499447
BMP4	-0.4256565843108209
BNIP3	-1.2605065931794373
BNIP3L	-1.138669502591066
BPHL	-0.8711210313735656
BRCA1	-0.6877032619267885
BTK	-0.18600228646534056
BUB1B	None
C5	-0.017779128624867833
DDR1	-1.0597118107476065
CALM3	-1.2750956923837962
CALU	-1.2444475327541424
CAPN1	-1.1816942550427352
CAST	-1.301343999098569
CASP2	-0.30004741426134507
CASP3	-0.9422382888747466
CASP7	-0.9461971590938432
CASP10	-0.49468050390109064
CAT	-1.245466925057008
CBLB	-0.725834684421955
CBR1	-0.7542029584148866
CBR3	0.09826203357173174
CCNA2	None
CCNB1	-0.07873759456682096
CCND3	-0.5684208502160503
CCNF	-0.20346779573584992
CCNH	-0.9795996332838225
SCARB1	-0.4839925299860218
CD40	-0.4177271790631984
CD44	-0.9636442818287668
CD58	-0.45293797124985147
ADGRE5	-0.9338326646273039
CDK1	0.13590384278161732
CDC20	None
CDC25A	0.09687077477061455
CDC25B	-0.2242309280234108
CDC42	-1.2413315141902537
CDH3	None
CDK2	-0.5037750437666753
CDK4	-0.7811124629044692
CDK6	-0.6916989369869324
CDK7	-0.6873231663068579
CDKN1A	-1.1017124234995126
CDKN1B	-1.206302885792527
CDKN2A	None
CEBPA	-0.3084513820377197
CEBPD	-1.0653054118098844
CENPE	None
CETN3	-0.5434623970190159
CHEK1	0.11353359069470374
CHN1	0.1338298424659804
CIRBP	-1.2952343651943263
CLTB	-1.1844936119979836
CLTC	-1.2615518161821655
COL1A1	-1.148292756869897
COL4A1	-1.1235657172459286
CREB1	-0.8993368221080379
CRK	-1.0532387018084068
CRKL	-1.2481680622558584
CRYZ	-0.8364888380911579
CSK	-0.434343011172097
CSNK1A1	-1.1696370007305021
CSNK1E	-0.5431533867245749
CSNK2A2	-0.6262828274567582
CSRP1	-0.7268607476629398
CTNND1	-0.9415521554220052
CTSD	-0.9517515999008087
CTSL	-1.0208023301745368
CYB561	0.05470260124972321
DAG1	-1.2023747497469885
DAXX	-0.6456093874408114
DCK	-0.7359023367892145
DCTD	-0.8125948024807517
DDB2	-0.0998890971635901
GADD45A	-0.8922928146731148
DDX10	-0.5210686683663874
DECR1	-1.1719673246949858
DFFA	-0.7866149377302041
DFFB	0.25155239306663757
DLD	-1.3020951116911559
DNM1	-0.01107362352856516
DNMT1	-0.3255710997471056
DNMT3A	-0.9896651364650786
DPH2	-0.8242102970649746
DSG2	0.21950994819008537
TSC22D3	-1.1580783797567722
DUSP3	-1.289803951258894
DUSP4	0.31825547399057347
DUSP6	-0.5032227421928305
TOR1A	-0.471355978172256
E2F2	None
ECH1	-1.206362434086334
EDN1	0.39681596539858555
EGF	-1.1793303506014665
EGFR	-0.9619435015839479
EGR1	-0.726993058473839
EIF4EBP1	-0.45579059271981104
EIF4G1	-1.2667958285609133
EIF5	-1.2782464698194462
ELAVL1	-0.6692485090416395
CTTN	-0.9143209357556146
EPB41L2	-0.6770941580234863
EPHA3	0.20740142736012784
EPHB2	None
EPRS	None
NR2F6	-0.8634142842718266
ERBB2	-0.8155694073948012
ERBB3	0.008109767755799345
ETFB	-1.012177696731041
ETS1	-0.6772503628150226
ETV1	0.5060666640422498
EXT1	-0.29578592651604635
EZH2	-0.005452950695766696
FAH	-0.545907614091984
PTK2B	-0.23235680319766658
FAT1	-0.5437113467640338
FDFT1	-1.1636623749467252
FGFR2	None
FGFR4	0.14718079422308508
FHL2	-0.953102491050954
FKBP4	-0.9713406585818196
FOXO3	-0.9498020571982769
FOS	-0.9492405022787546
FPGS	-0.7709416379310796
FUT1	0.3404183495585259
FYN	-0.13342381317420252
SLC37A4	-1.044365760365231
GAA	-0.6915749583292115
GABPB1	-0.3802511214780441
GALE	0.31450912297090794
GAPDH	-1.3497989902094918
GATA2	0.41796369049630455
GATA3	None
GFPT1	-0.8748792180278611
GHR	-1.0865847077386144
GLI2	0.7971685792311812
GLRX	-0.8786498727598723
GNA11	-0.9660169890139593
GNA15	0.6109705053285066
GNAI1	-0.015147769588920881
GNAI2	-0.7366775480735077
GNAS	-1.2917033166229854
SFN	None
GPC1	-1.144968755070355
GPER1	0.7475461302127397
GRB7	None
GRB10	-0.9893168286741743
GRN	-0.704956708491611
NR3C1	-1.18041155228329
CXCL2	-0.24778952965316225
GSTM2	-0.33612870370522907
GSTZ1	-0.6348461117811307
MSH6	-0.5250801811394561
GTF2A2	-0.6883939380282027
GTF2E2	0.016370272505477075
HSD17B10	-0.6092865315531907
HADH	-1.1912456399393552
HDAC2	-0.6221292421531179
HIF1A	-0.6333056844506197
HK1	-1.1534895021240057
HLA-DMA	0.11219553255765637
HLA-DRA	-0.9090812180902664
HMGCR	-0.12854730129205144
HMGCS1	-0.4725711767340033
HMOX1	-0.5989960419006063
HOXA5	0.35702289631310263
HOXA10	-0.826979640232688
HPRT1	0.250852642095642
HES1	-0.6597401633366223
DNAJB2	-0.8477853410293686
HSPA1A	-0.9744033951281316
HSPA4	-1.0789470124460432
HSPA8	-1.3183822940439363
HSPB1	-1.2291394142709389
HSPD1	-1.0510821174738179
DNAJB1	-0.7868985037788108
ICAM1	-0.5085922052059414
ICAM3	0.745052599108018
ID2	0.27969498149187116
IDE	-1.0442970098791033
IFNAR1	-0.701966717981712
IGF1R	-0.5260857333546249
IGF2R	-1.0799066718636707
IGFBP3	0.05133429214155212
IGHMBP2	0.05237743103676088
IKBKB	-0.6485811949201953
IL1B	0.056823741964280326
IL4R	-0.056239550642374445
IL13RA1	-0.8348235161617895
ILK	0.3535079083876412
INPP1	-0.06626486827561906
INSIG1	-0.3987747606843865
ITGAE	-0.4539777265675395
ITGB5	-0.4752495473283259
JUN	-0.9657151307738515
KCNK1	None
KIF5C	0.9878660310927916
KIT	0.4158758830692408
KTN1	-1.2771226522465278
LAMA3	0.5689421266570084
STMN1	0.025535615288594847
LBR	-0.277535769142608
LGALS8	-0.12020283506780044
LIG1	0.5127131330263509
LIPA	-0.17958043591833245
LOXL1	0.5558257053712261
LRPAP1	-0.7142182903502274
LYN	-0.03829932043860312
SMAD3	-0.851718020558726
MAN2B1	0.04664500777156829
MAT2A	-0.9518367022856828
MBNL1	-1.238761535976247
MCM3	-0.11163912944309717
ME2	-0.8305792318038083
MEF2C	-1.2883256152866907
MAP3K4	-0.655666867474865
MEST	0.26603592597744385
MIF	None
FOXO4	-0.5643667863002374
MMP1	None
MMP2	-0.4851224241932156
MNAT1	-0.6423221883165054
MSRA	0.4757520368100116
MUC1	None
MYBL2	None
MYC	-0.7459451387924515
GADD45B	-0.8691782974683387
MYLK	0.1152966768066569
MYO10	0.10747320196818126
NCK1	-0.5092142835314465
NFATC3	-0.6558937454782509
NFATC4	0.7395065795815252
NFE2L2	-0.6205601871509554
NFIL3	-0.6346659950789937
NFKB2	-0.03583970381234072
NFKBIA	-0.6053597217277672
NFKBIB	0.2662680439232389
NFKBIE	0.37365251577347586
NIT1	-0.20489229028355788
NMT1	-0.6037157410618489
NOS3	0.5279254011629679
CNOT4	-0.5217875435885768
NOTCH1	-0.19820630327342806
PNP	-0.1309683081099521
NPC1	-0.13703805923528073
SLC11A2	-0.39003548380486214
NRAS	-0.04449743810256564
NUCB2	-0.39878265424034215
NUP88	-0.6080388490930857
NVL	0.2490924588246659
ORC1	None
OXA1L	-0.9264989226353045
OXCT1	-0.342649846839682
PAFAH1B1	-1.0722721579397083
PAFAH1B3	0.7298184198620407
SERPINE1	0.22323238142235746
PAK1	-0.9405402257014307
PCBD1	-0.38894756414085746
PCCB	-0.8003591617566755
PCK2	1.0371100207581203
PCM1	-1.233763589821277
PCMT1	-0.9993826437824013
PCNA	-0.13169703508426578
PDGFA	-0.31148358857053093
PFKL	0.020837039175656196
PGAM1	0.6119449100034212
PGM1	-1.3011268155573759
PHKA1	-1.1066447419350969
PHKB	-1.1553162552748777
PHKG2	0.486325705879945
PIK3C2B	-0.5095262837577885
PIK3C3	-0.5045936404252358
PIK3CA	-0.4569067338715226
PIN1	-0.5568826981605925
PLA2G4A	1.1350478018853163
PLCB3	0.41227138377347244
PLK1	None
PLP2	-0.06379905145501377
PLS1	1.161544561762126
PLSCR1	-0.04555155072689589
PMAIP1	0.5591786781439305
PMM2	0.6231700294800264
POLB	-0.8273273465340286
POLE2	1.1391897773181197
POLR2I	-0.42820457822433633
POLR2K	-0.2813688042997072
PPARD	0.128107091738036
PPARG	0.7090586175021679
PPIC	-0.14173058437983388
PPOX	0.5227643106649135
PPP2R5A	-0.7452673287846988
PPP2R5E	-0.5236092382625851
PRCP	0.006764668699217687
PRKACA	-0.6123486004947992
PRKCD	0.8481277723427105
PRKCH	0.053109379849515526
PRKCQ	-0.9724243407405709
MAPK9	-0.6418772627905444
MAPK13	1.0237663352552362
MAP2K5	0.33376189908806
PRKX	0.872822660503762
PROS1	0.3350891660836272
LGMN	-0.3531576195865309
HTRA1	0.10874866926354271
PSMB8	0.27954571375249687
PSMB10	0.39443974503570794
PSMD2	-1.0477616414222413
PSMD4	-0.9552689991632799
PSMD9	0.3631494715484618
PSMD10	-0.12203711104001864
PSME1	-0.5669658059396928
PSME2	-0.20078515578364678
PTGS2	0.22088807051917445
PTK2	-0.7152690495614963
PTPN1	-0.2695134931818872
PTPN6	0.4891621587978751
PTPN12	-0.05970267564146359
PTPRC	-0.36132958949398114
PTPRF	0.9542936751238049
PTPRK	0.08797007115074204
PXMP2	0.12828909381635104
PXN	-0.48187936526361225
PYCR1	0.9142875505262735
PYGL	0.43730074276307707
RAB4A	-0.701508232464762
RAB27A	0.726706346457473
RAC2	0.718158007313296
RAD9A	0.9903406103903645
RAD51C	0.2947748613258886
MOK	1.14914704684628
RALA	-0.14733314670958586
RALB	-0.08717409655487096
RALGDS	0.21107107401796996
RAP1GAP	None
RASA1	-0.18191789468600464
RB1	-0.6136645096789306
KDM5A	-0.5251924330849052
RELB	0.33585011810005494
RFC2	0.10074931445266583
RFC5	0.5872640285502008
RFNG	-0.12679491978781407
RFX5	-0.18535991398761492
RGS2	-0.20448474369254308
RHEB	-0.566137023196974
RNH1	-0.7227827574142844
RPA1	-0.5347363458958324
RPA2	-0.49843801008908545
RPA3	0.27521579552946024
MRPL12	0.23154491556865137
RPN1	-0.7695508524651249
RPS5	-1.2275880144842104
RPS6	-1.2592765091884803
RPS6KA1	0.6131810733503467
RSU1	-0.08071229999873035
RTN2	-0.9230530960431556
S100A4	-0.3622224347635205
S100A13	-0.3461863305573161
SATB1	-0.953123896808118
SCP2	-0.864216948093127
CCL2	-0.4111210656882039
SDHB	-1.1302600925526987
SGCB	-1.0269568627895975
SHB	0.9675816028530636
SHC1	-0.1578995586469205
SKIV2L	None
SKP1	-1.1096603055453427
SLC1A4	-0.6194523598227126
SMARCA4	-0.13658478058900517
SMARCC1	-0.34069487627700307
SMARCD2	0.09103091736555863
SNAP25	None
SNCA	0.8609835710216551
SOX2	None
SOX4	0.1795398967336206
SPAG4	None
SPP1	None
SPR	0.02923918085232193
SPTAN1	-0.5213273220505786
SRC	1.1232524368403742
STAT1	-0.7199596838012904
STAT3	-0.9569408346120646
STAT5B	-0.8347220410494695
AURKA	-0.10190611244891168
STK10	0.27818282298517505
STX1A	1.3644198860486174
STX4	0.22475622384359675
STXBP1	0.9816923588966333
STXBP2	1.242900067059865
SUPV3L1	-0.3007679594003892
SUV39H1	0.8856705791315064
SYK	0.5975890466700091
SYPL1	-0.8314207678320652
TARBP1	-0.2550140401400453
TBP	0.546526616242523
TBX2	1.0850040246658113
TBXA2R	None
TCEA2	0.2915680368970074
VPS72	-0.35351936249122373
TCTA	0.47652705029798487
DYNLT3	0.19830020100322487
TERT	None
TESK1	-0.07102888447681886
TFAP2A	None
TFDP1	-0.5250099528481604
TGFB3	0.03131880885307949
TGFBR2	-0.4241151496881052
TIAM1	0.8372223030631369
TIMP2	-0.12209929094034291
TJP1	-0.42027118776135214
TLE1	-0.5798610281940044
TLR4	-0.10980693135762486
TSPAN6	0.6347962410414489
TSPAN4	0.4031885116213521
TOP2A	None
TP53	0.7432022752437315
TP53BP1	-0.16837549683147476
TP53BP2	-0.20469621896739004
TPD52L2	-0.4765490565072192
TPM1	-1.415293982693142
TSTA3	None
TXNRD1	-0.8489208948184608
UBE2A	-0.47370069985092145
UGDH	0.12696429795539096
NR1H2	-0.5953630552706558
USP1	-0.23994753640985747
VDAC1	-1.2172687731925764
WFS1	0.6224815531683731
WRB	None
XBP1	-0.3913749782276945
XPNPEP1	-0.13542690664963197
ZFP36	-0.7442857080212848
ZNF131	None
ZMYM2	-0.7417689308188902
PAX8	None
CXCR4	0.7252353349787461
IFRD2	-0.5510310587993837
MAPKAPK3	-1.0165937908041636
USP7	-0.7323278977824087
REEP5	-0.9019963678195044
ST7	0.33941217331009893
KAT6A	-0.5317505588813967
PDHX	-0.9492929344272354
FOSL1	1.279074778095529
HMGA2	None
NCOA3	-0.5904675129470419
NRIP1	-0.961566277861196
SMC1A	-0.11012973349889268
LAGE3	0.46637122547269994
AXIN1	0.1592078858110543
CDC45	None
FZD1	0.6246693432973766
FZD7	-0.12809967009517892
HIST2H2BE	None
PIP4K2B	-0.9650439767236584
NCK2	-0.3386224130125301
DYRK3	1.2773633037363716
DUSP11	0.3690435888671858
RAE1	0.36800392077976946
PIK3R3	0.4173777232496277
NIPSNAP1	1.2081624596204126
IKBKAP	None
HAT1	-0.33683358173677574
MAPKAPK5	-0.1255296027130125
BHLHE40	-0.6802048796448225
MKNK1	0.15363318916510754
CASK	0.4490648487365237
AKR7A2	-0.30766826396577235
RUVBL1	0.45537698680042926
PSMG1	0.3217533329195246
BECN1	-0.4475888862867712
MBTPS1	-0.15589082530509918
EED	0.4436942814272533
CTNNAL1	-0.31633899029773416
RNMT	-0.10908898732962657
PEX11A	0.43939850770450845
CREG1	-0.4123405827768218
INPP4B	-0.4160960626092167
IQGAP1	-0.4517674829700179
SOCS2	0.7456454062716885
CFLAR	-0.7664249017653121
CDK5R1	1.2900730236554834
ST3GAL5	-0.19441078745836685
IER3	0.28701975993620316
SQSTM1	-1.0113545395146695
SLC5A6	0.6581262940402557
CPNE3	-0.4610250907802906
CCNA1	None
TIMELESS	1.2801141048691285
P4HA2	0.4027633101889203
PLOD3	0.8326930237758436
NOL3	-0.5316243855978904
SLC25A14	1.2058113456642974
MPZL1	0.20771491914607323
MAP7	1.3379473727578743
DNAJA3	-0.7276157695386172
USP14	-0.22705149505458552
MTA1	0.16553474246554856
PDLIM1	-0.5684060786692021
SMC3	0.005452950695766696
PRPF4	0.056106952088486255
CCNB2	None
CCNE2	1.561157233781534
SYNGR3	None
LPAR2	None
ARHGEF2	0.066467252492603
ZW10	0.1555274681941255
AURKB	None
VAPB	-0.7038955698302836
NOLC1	-0.33317604137310763
UBE2L6	0.7367452793674165
MAPKAPK2	-0.8524075368713744
CYTH1	-0.25615993816914673
ITGB1BP1	-0.1545544222466276
BCL7B	-0.2779741765848795
COPB2	-0.41993312082047174
ADGRG1	0.9065865778665871
TM9SF2	-0.4567679871904171
MAP4K4	-0.41523337964675494
HOMER2	-0.7900288222021011
SH3BP5	0.8846254694035549
PIGB	1.1863662167606464
PSMF1	-0.5361192149707119
SPTLC2	0.3087999819630764
TBPL1	0.7582317913280129
BAG3	-0.7967706811257157
POLR1C	0.6028543101993793
SPAG7	-0.7174607416681096
FEZ2	-0.8059105325260925
IKBKE	1.6275320360130088
MTFR1	0.25665678870316727
HS2ST1	0.37645801990996025
IPO13	-0.8030320272343615
VGLL4	0.5992870955896236
NUP93	0.21916030574763648
UBE3C	-0.9112891476289617
EDEM1	0.5345959313005317
TRAM2	0.8648775671585883
CEP57	-0.031197348989257186
KIAA0100	None
HERPUD1	-0.575025736704352
KIAA0355	None
USP6NL	1.0946275670042216
CCP110	0.27584131343988266
MLEC	-0.8007411006484824
TATDN2	0.8306991951183492
MRPL19	-0.41463195392490604
SCRN1	1.0714068424713623
EFCAB14	-0.5928622570377864
KEAP1	-0.8211962519897416
MELK	None
PLEKHM1	0.6725666622554513
C2CD5	0.2668480859122013
KIAA0753	1.1524022404720105
C2CD2L	0.9001875161944922
TOMM70A	None
KIAA0196	None
KLHL21	-0.800404129442808
ARNT2	0.196676898262357
FAM20B	-0.5106926627736159
NCAPD2	0.3933640110829575
PAN2	0.2316414388640864
LPGAT1	-0.495949964443008
KIF14	None
OXSR1	-0.40329229700400365
MVP	-0.0832700425122203
DMTF1	0.025009862116010795
GNPDA1	0.06019118466690708
HDAC6	-0.007221175182717125
PARP2	0.35968790609497275
MAMLD1	1.3404469715688183
DNAJB6	-0.8910804425898012
SMC4	0.5118975085191404
ABCC5	-0.4164649458921364
ABCB6	1.092261538509051
DNM1L	-0.6871666647151948
TSPAN3	-1.095447463570416
KIF20A	None
ARL4C	1.1678525145631444
TRAP1	-0.6575367478685783
G3BP1	-0.9355414143259009
MBNL2	-0.8015577228043185
CEBPZ	-0.42041402415158674
SLC25A13	0.7755623916820265
SORBS3	0.6068084064468846
RBM6	0.01665425926629522
TXNDC9	0.20996437301199833
TRIM13	-0.09718613954133719
TRIB1	-0.5826206611214115
MFSD10	None
SLC35B1	-0.34664372021263357
TIMM17B	-0.26754141911229434
AKAP8	0.10657051024468328
STUB1	-0.07821702148123212
NET1	-0.053684790172388315
SMNDC1	0.29057263579509074
PAK4	1.0567165179015785
TNIP1	-0.7931114139179569
IKZF1	1.0238272638139407
TMEM5	None
HMG20B	0.605485055280688
MYL9	0.5527259654966044
LYPLA1	-0.6533337682900521
PPIE	0.16900636143081837
VAV3	1.2197613100236806
LRRC41	-0.14431256462759814
CRTAP	-0.4052353113742152
VAT1	0.5034250781647293
STK25	-0.9926256647861702
APPBP2	-0.19119384946152296
CHERP	0.8782782309674453
HYOU1	0.353918965830423
RPP38	0.963186072446254
SLC35A1	0.9751317280047146
DRAP1	-0.07447676333041972
PAICS	0.11445824138868806
ST6GALNAC2	0.7471264596857301
STAMBP	-0.14973104558353023
NPRL2	0.12283874465365202
IGF2BP2	1.5068297546836646
YKT6	-0.12793581377563198
CGRRF1	0.14943367964506182
RRAGA	-0.3640736495816072
GNB5	1.4191322648959734
EBP	0.9263291840325193
CNPY3	0.9537273323103421
YME1L1	-0.9201482293553908
TCFL5	0.9503608618562422
KDM5B	0.3762839252342447
POP4	0.3284165132593363
ARPP19	-0.9739227055419623
ZNF274	0.41318768426047364
MTHFD2	-0.45575716883808115
WASF3	0.37239846849666497
UTP14A	0.6786872991778841
FRS2	0.1468448807660132
CLPX	-0.5249476038019029
PGRMC1	0.4407026487798451
MALT1	0.20367969462439894
CPSF4	0.28282397386395464
BLCAP	-0.7265628667296287
TCERG1	-0.10008922090731162
RNPS1	-0.38570019752667345
TOMM34	0.613737523946422
PDIA5	1.40038400061265
MLLT11	0.9053389525862168
EBNA1BP2	0.3426919341895005
TMED10	-0.8153830962369119
ASCC3	-0.1147481081193163
SLC27A3	1.3157837941805703
KIF2C	None
CCDC85B	0.3785519749581787
TLK2	0.020699489118165475
KDELR2	-0.17361538576822813
RAB31	0.5778622395087383
B4GAT1	0.23007091869883453
PAPD7	None
UBE2C	None
DUSP14	0.5773262150570357
TOPBP1	0.16981726118748777
PRSS23	-0.494780005456193
PWP1	0.25105022813278594
PKIG	-0.26823148885603226
CORO1A	0.7155696076791114
LSM6	0.8379748783199904
PSIP1	0.07964821179493004
SLC2A6	1.493565935186346
NISCH	0.23184883527935174
CHEK2	1.7007919491363155
PRAF2	None
POLG2	1.171965859765209
CHP1	-0.5038671847901612
PNKP	0.7762429572023736
ECD	0.33629875600351394
DDX42	-0.2658825629150663
TWF2	-0.5025386732987694
CASC3	0.2204933400663271
COG2	0.3041704480648183
ATF5	1.3940515215350133
MTF2	0.8009786534645046
PUF60	-0.04762497483220048
RAB11FIP2	0.7451532188869532
CLSTN1	0.6227881795081035
FOXJ3	0.006422295913964136
KIAA0907	None
EPN2	0.8216771893157727
SACM1L	0.952416359953675
ATF6	0.3580099026638953
RPIA	0.9516701434933953
RAB21	-0.4071434637436902
SPEN	0.2965383013546512
FBXO21	-0.0567726032263924
RBM34	2.107072302855122
WDTC1	-0.01100332715085249
XPO7	0.2103976450433855
TBC1D9B	0.05745356949272793
RRP1B	0.57633693396316
MYCBP2	-0.10024211742702106
CDK19	1.2173429167733438
GPATCH8	0.5992359493486307
MAST2	-0.47614489244080066
DCUN1D4	0.3145884736410101
FCHO1	2.18009899719858
SNX13	-0.3950445216280166
ATP11B	0.41077986661701726
JMJD6	0.3537454713961153
RRS1	1.1499010282694482
RRP12	0.30350195856457063
SYNE2	-0.8751383337252312
PDS5A	-0.03921874875147091
CAMSAP2	-0.639160654926068
ATMIN	-0.05063130826169063
TRIM2	0.9687429005493143
KIAA1033	None
USP22	-0.5266711318665107
WDR7	0.45340908028027593
JADE2	0.8363556443899534
ARHGEF12	-0.6206654999651239
PPP1R13B	1.2303825280991385
RRP8	1.0249761086792444
NUDCD3	-0.3091963387799197
SIRT3	0.587847392298906
SLC35A3	0.92342554407776
ICMT	-0.22271423262892587
MACF1	-0.5451926493771624
SUZ12	0.9123116798261823
KAT6B	0.2847144258172476
NNT	-0.9875058978514649
ADAT1	1.3236140676749446
TMEM50A	0.6425619820832151
KLHDC2	-0.13513584923077446
ACOT9	0.3698674993620856
SSBP2	0.2787657353305864
NUP62	0.7741785541570719
ARFIP2	1.0268976084135466
LSM5	0.3410160143621081
PLA2G15	0.6199809265062141
TMEM2	None
ZNF318	0.8738538187673076
FBXO7	0.5702573131219432
SPDEF	None
BAMBI	1.9136059370817002
BACE2	1.2403265157609071
COG4	-0.2759037657973707
MPC2	-0.3343804569638479
CLIC4	0.02663074900889816
C2CD2	1.6087393995371022
TIPARP	0.3675489411223349
TSKU	1.8301210470494835
RNF167	0.4070176385642632
LRP10	0.40643250124758845
ZNF451	0.4142836935544569
SENP6	-0.25157654311423916
RAI14	1.719428202024985
KIF1BP	None
TES	1.3644725565714673
PHGDH	2.0690722794534873
MYCBP	1.2060334593410067
CHIC2	1.4227556047972216
TIMM9	0.9944297049819628
AKAP8L	0.7869665604668356
ATP2C1	0.11385193768453955
TRAPPC3	0.6780142459594557
ATP5S	None
TNFRSF21	1.5714131036905796
SESN1	-0.48640611973659725
HTATSF1	-0.343715533088173
TMEM97	1.115638750296137
BZW2	-0.7042532100322506
CHMP4A	None
GTPBP8	0.4326251857388756
DNAJC15	0.2517638237122346
PACSIN3	-0.38636653176030405
RBM15B	1.0562336193527082
HOOK2	0.9432339372086542
SNX11	1.2810884251669004
TIMM22	0.9100225224266759
NENF	0.03537693036230962
UBQLN2	0.7502994028371379
ERO1A	0.9565939298809375
DNTTIP2	0.2122997459545427
PIK3R4	0.7856173725579615
HDGFRP3	None
COPS7A	0.43534191998129884
NSDHL	2.055745186886605
HEBP1	1.977717805328785
MTERF3	1.168494095653939
AMDHD2	2.133020645551279
ISOC1	1.3876471189468849
MRPS16	0.23108824860837945
FIS1	-0.04345418484876282
GOLT1B	0.7977874315906409
GLOD4	1.1706581315530513
GMNN	2.137503698968032
LAP3	0.5332337280284992
NOSIP	0.35430604170579316
DERA	1.0459969593982248
SCCPDH	0.38821913952057324
MRPS2	1.1198141566570947
VPS28	0.7181819468445255
HSD17B11	1.6045279709415594
NUSAP1	1.4313512638508048
SCAND1	1.030368997570452
CD320	1.587390181658868
NGRN	0.1556598889613447
SNX7	1.9447691388492374
ATP6V1D	0.5737178395173038
ZNF589	1.852723987043917
PRKAG2	1.7870197983357607
UBE2J1	0.9774558925535218
EVL	1.4454561470731515
HACD3	1.4976752544955538
UFM1	0.6438471096503001
LSR	2.2322261217514603
DHRS7	0.08231645697508967
CAB39	-0.5435208355511102
ARID4B	1.066877906694155
NUDT9	1.3355339082168143
CYCS	-0.49609342069597734
TERF2IP	0.9691491099469352
GFOD1	0.7347069894841042
KCTD5	1.5272520293938778
TMCO1	0.9670165860058446
DHX29	0.5639805647370175
EXOSC4	2.054180446033474
DDIT4	1.2103848616917745
PAF1	1.058664323302205
P4HTM	1.548798016566409
SLC35F2	2.5549452149417617
ZNF586	1.5216690403626754
FBXL12	1.707399321636995
TEX10	1.1701996770622891
YTHDF1	0.7470412369250966
TXNL4B	1.7561132866269016
HERC6	2.2009531964694937
PIH1D1	0.8640084462274811
PPP2R3C	0.9696962138947048
FKBP14	1.7661435209421164
CDCA4	2.416222782265177
PLEKHJ1	0.6944672361040668
HEATR1	1.0160263432722625
ANO10	1.69644629190321
UBR7	1.1502818937091224
FAIM	2.3005601699694838
ADI1	-0.02968613932543268
ABCF3	0.763406680236906
ENOSF1	1.684697178458296
LRRC16A	None
ANKRD10	0.17388925904508293
STAP2	None
IARS2	0.12301871180385882
NUP133	0.6744977845041507
CNDP2	1.4946473756244079
FAM63A	None
KDM3A	1.154345133063313
PECR	1.9061406280805329
EAPP	1.2364301961515776
CISD1	0.20908073783349446
ZNF395	1.464437473408177
KLHL9	1.1737377199888857
NPDC1	1.8298194264406435
TM9SF3	0.40988969746905457
PAK6	None
DUSP22	0.8584071632378865
ADCK3	None
CIAPIN1	0.999129686354557
PLSCR3	None
SCYL3	1.454504110764425
LYRM1	0.7974809729692087
ZMIZ1	1.3979185966123187
MCOLN1	2.0097549881681473
THAP11	0.7082612550960051
ABHD6	2.1232964824052774
TRIB3	2.49503987099616
POLD4	1.8621088271016695
SQRDL	None
ENOPH1	1.3054015383310063
PRUNE	None
SNX6	0.4774073531171212
FASTKD5	1.015010466602944
ELAC2	0.6369800809006062
ABHD4	1.8449441729624365
MCUR1	1.2325983714761204
RBKS	1.9315890131780553
ATG3	1.210226508354111
NARFL	None
ZDHHC6	1.482268666205317
ACBD3	1.002404551906618
CERK	1.1487347471505271
NT5DC2	2.456809268966299
ACD	2.256644640273699
INTS3	1.1331804655957651
TRAK2	0.6744837344490396
METRN	1.6171186483345514
ELOVL6	2.896865757885504
TMEM109	0.9405766373433256
CCDC86	2.1875652723113297
TRAPPC6A	1.991245145709527
CHAC1	2.8199488883772013
MBOAT7	1.9595055248045323
PRR15L	None
CRELD2	2.126973576590328
FSD1	None
TCTN1	2.182173631998313
CHMP6	1.3916948252794352
NPEPL1	1.8385761700054735
FAM57A	None
NUP85	1.7381962776118487
TCEAL4	1.601960514165382
DHDDS	1.8969948855041892
DENND2D	2.6631009429490717
FBXO11	1.377195985159059
CCDC92	1.5589135761858868
COASY	1.5417163553460156
WDR61	None
TSEN2	1.968544081302093
PRR7	2.982464808650554
ITFG1	0.9440923430500848
GDPD5	2.253472108715953
GRWD1	1.4534283835433435
ARID5B	0.8655700242124685
TUBB6	1.570103313471402
PSRC1	None
ADO	1.3869782376380464
HIST1H2BK	None
MICALL1	1.8758260880117172
UBE3B	0.904367666990001
HN1L	None
SLC25A46	0.12772118949875455
COG7	2.16693911810568
MAPK1IP1L	1.1774403973968692
TBC1D31	1.8622416239312656
H2AFV	None
RPL39L	None
CANT1	1.979416286284611
WIPF2	2.4655054580174887
TICAM1	2.798810260720864
TXLNA	1.6737591382996546
SPRED2	2.8552797248117257
EML3	2.9157964280109963
TMEM110	None
FAM69A	None
