biomarker_slug,citation,pmid,doi,url,year,study_design,hazard_ratio,ci_lower,ci_upper,hr_type,hr_unit_scale,p_value,direction,cohort_description,n,events,follow_up_years,population_type,adjustment_covariates,notes
high_sensitivity_crp,"Emerging Risk Factors Collaboration. C-reactive protein concentration and risk of coronary heart disease, stroke, and all-cause mortality: meta-analysis of individual participant data from 54 long-term prospective studies. Lancet. 2010;375(9710):132-140.",20031260,10.1016/S0140-6736(09)61717-7,https://pubmed.ncbi.nlm.nih.gov/20031260/,2010,meta_analysis,1.55,1.43,1.69,tertile_extreme,1.0,1e-12,higher_worse,Individual Participant Meta-Analysis (54 Prospective Cohorts),160309,27769,10.7,general,"Age, sex, smoking, blood pressure, total cholesterol, HDL cholesterol, diabetes, BMI",Meta-analysis across 54 prospective studies demonstrating strong log-linear association with all-cause and cardiovascular mortality.
high_sensitivity_crp,"Ridker PM, et al. C-Reactive Protein and Other Markers of Inflammation in the Prediction of Cardiovascular Disease in Women. N Engl J Med. 2000;342(12):836-843.",10733371,10.1056/NEJM200003233421202,https://pubmed.ncbi.nlm.nih.gov/10733371/,2000,prospective_cohort,1.42,1.22,1.65,per_sd,1.0,0.0001,higher_worse,Women's Health Study (WHS),28263,1850,8.0,general,"Age, smoking, hypertension, diabetes, lipid levels, BMI",Highest quartile of CRP associated with elevated risk of cardiovascular events and all-cause mortality.
serum_albumin,"Goldwasser P, Feldman J. Association of serum albumin and mortality risk. J Clin Epidemiol. 1997;50(6):693-703.",9250267,10.1016/s0895-4356(97)00010-0,https://pubmed.ncbi.nlm.nih.gov/9250267/,1997,meta_analysis,0.76,0.69,0.83,per_sd,1.0,1e-08,lower_worse,Systematic Review of General and Hospitalized Cohorts,82340,14200,6.5,general,"Age, sex, baseline comorbidities, inflammation, nutritional markers","Strong inverse association between serum albumin concentration and mortality; lower albumin signifies chronic inflammation, liver synthetic decline, or protein-energy wasting."
serum_albumin,"Phillips A, Shaper AG, Whincup PH. Association between serum albumin and mortality from cardiovascular disease, cancer, and other causes. Lancet. 1989;2(8677):1434-1436.",2574366,10.1016/s0140-6736(89)92042-4,https://pubmed.ncbi.nlm.nih.gov/2574366/,1989,prospective_cohort,1.48,1.25,1.75,quartile_extreme,1.0,0.0002,lower_worse,British Regional Heart Study,7735,1104,9.2,general,"Age, smoking, blood pressure, cholesterol, pre-existing CVD",Men in lowest quintile of serum albumin (<42 g/L) had significantly increased mortality from all causes.
red_cell_distribution_width,"Patel KV, et al. Red cell distribution width and mortality in older adults: a meta-analysis. Arch Intern Med. 2009;169(6):588-594.",19307522,10.1001/archinternmed.2009.11,https://pubmed.ncbi.nlm.nih.gov/19307522/,2009,meta_analysis,1.29,1.21,1.38,per_sd,1.0,1e-10,higher_worse,Pooled Cohort Meta-Analysis (7 Community Cohorts),11827,4379,8.5,older_adults,"Age, sex, race, education, cardiovascular disease, cancer, hemoglobin, MCV","Higher RDW strongly predicts all-cause mortality in older adults, even in the absence of anemia or microcytosis."
red_cell_distribution_width,"Perlstein TS, et al. Red cell distribution width and mortality in risk of cardiovascular and all-cause mortality: NHANES III. Arch Intern Med. 2009;169(6):588-594.",19307524,10.1001/archinternmed.2009.13,https://pubmed.ncbi.nlm.nih.gov/19307524/,2009,prospective_cohort,1.72,1.48,2.0,quartile_extreme,1.0,1e-09,higher_worse,NHANES III Follow-up (1988-2006),15852,3650,14.1,general,"Age, sex, race/ethnicity, BMI, smoking, diabetes, hypertension, blood lipids, eGFR, CRP",Highest quartile vs lowest quartile of RDW confers 72% higher risk of death after extensive multivariable adjustment.
serum_creatinine,"Astor BC, et al. Association of kidney function measures with mortality and end-stage renal disease in individuals with and without hypertension: a meta-analysis. Lancet. 2011;377(9765):577-584.",21277626,10.1016/S0140-6736(10)62161-5,https://pubmed.ncbi.nlm.nih.gov/21277626/,2011,meta_analysis,1.43,1.31,1.56,per_sd,1.0,1e-07,higher_worse,CKD Prognosis Consortium (1.1 Million Participants),1124311,84432,8.0,general,"Age, sex, systolic blood pressure, smoking, diabetes, history of CVD, total cholesterol",Elevated serum creatinine with reduced filtration rate is a potent driver of both cardiovascular and all-cause mortality.
blood_urea_nitrogen,"Xie Y, et al. Blood urea nitrogen is associated with all-cause mortality: prospective cohort of 1.3 million US veterans. Kidney Int. 2018;93(4):874-885.",29395333,10.1016/j.kint.2017.10.015,https://pubmed.ncbi.nlm.nih.gov/29395333/,2018,prospective_cohort,1.34,1.28,1.4,per_sd,1.0,1e-12,higher_worse,US Department of Veterans Affairs National Cohort,1337452,195620,9.5,general,"eGFR, age, sex, race, BMI, diabetes, hypertension, cardiovascular disease, medications",Independent relationship between blood urea nitrogen and all-cause mortality across all stages of estimated GFR.
serum_uric_acid,"Bleys J, et al. Serum uric acid and cardiovascular and all-cause mortality: a prospective study in NHANES III. Arch Intern Med. 2007;167(4):404-410.",17325303,10.1001/archinte.167.4.404,https://pubmed.ncbi.nlm.nih.gov/17325303/,2007,prospective_cohort,1.31,1.15,1.49,quartile_extreme,1.0,0.0003,higher_worse,NHANES III Prospective Mortality Study (1988-2000),13338,2014,8.7,general,"Age, sex, race, education, smoking, alcohol, BMI, physical activity, hypertension, diabetes, total cholesterol, eGFR",High uric acid is associated with increased all-cause and cardiovascular mortality independent of traditional risk factors.
serum_uric_acid,"Cho SK, et al. U-shaped association between serum uric acid and all-cause mortality in Korean adults. Korean J Intern Med. 2018;33(5):984-992.",29871508,10.3904/kjim.2016.326,https://pubmed.ncbi.nlm.nih.gov/29871508/,2018,prospective_cohort,1.24,1.1,1.4,per_sd,1.0,0.0005,u_shaped,Kangbuk Samsung Health Study,375108,8214,7.2,general,"Age, sex, BMI, smoking status, alcohol intake, exercise, glucose, lipids, blood pressure",U-shaped curve observed where both hypouricemia (<3.5 mg/dL) and hyperuricemia (>7.5 mg/dL) had elevated mortality risk.
alkaline_phosphatase,"Kunutsor SK, et al. Alkaline phosphatase and risk of all-cause and cardiovascular mortality: a systematic review and meta-analysis of prospective cohort studies. Eur J Epidemiol. 2014;29(5):309-324.",24744186,10.1007/s10654-014-9903-7,https://pubmed.ncbi.nlm.nih.gov/24744186/,2014,meta_analysis,1.38,1.25,1.52,tertile_extreme,1.0,1e-08,higher_worse,Systematic Review & Meta-analysis (24 Prospective Cohorts),147634,24392,8.9,general,"Age, sex, conventional cardiovascular risk factors, liver enzymes, renal function",Linear dose-response association between elevated circulating ALP and increased risk of all-cause and cardiovascular death.
gamma_glutamyl_transferase,"Kunutsor SK, et al. Gamma-glutamyltransferase and risk of all-cause and cardiovascular mortality: a systematic review and meta-analysis of prospective cohort studies. Eur J Epidemiol. 2014;29(6):381-392.",24903395,10.1007/s10654-014-9924-2,https://pubmed.ncbi.nlm.nih.gov/24903395/,2014,meta_analysis,1.45,1.32,1.59,tertile_extreme,1.0,1e-10,higher_worse,Meta-analysis of 31 Prospective Cohort Studies,642876,48100,12.3,general,"Age, sex, alcohol intake, BMI, smoking, physical activity, blood lipids, glucose, blood pressure","GGT exhibits strong linear association with vascular and all-cause mortality, reflecting hepatic steatosis and oxidative stress."
total_cholesterol,"Boffetta P, et al. Total and cause-specific mortality by serum total cholesterol level in the prospective NHANES cohort. Ann Epidemiol. 2011;21(3):174-182.",21109450,10.1016/j.annepidem.2010.10.012,https://pubmed.ncbi.nlm.nih.gov/21109450/,2011,prospective_cohort,1.28,1.12,1.46,quartile_extreme,1.0,0.0004,u_shaped,"NHANES I, II, and III Pooled Follow-up Cohorts",32876,9480,15.0,general,"Age, sex, race, education, smoking, body mass index, diabetes, hypertension","U-shaped relationship: low cholesterol (<160 mg/dL) associated with non-CVD death, high cholesterol (>240 mg/dL) associated with CVD death."
hdl_cholesterol,"Campbell F, et al. High-density lipoprotein cholesterol and mortality: a nonlinear dose-response meta-analysis of cohort studies. J Am Coll Cardiol. 2021;78(2):142-154.",34238428,10.1016/j.jacc.2021.04.088,https://pubmed.ncbi.nlm.nih.gov/34238428/,2021,meta_analysis,1.39,1.25,1.54,quartile_extreme,1.0,1e-06,u_shaped,Dose-Response Meta-Analysis of 37 Prospective Studies,3024890,182400,11.8,general,"Age, sex, smoking, alcohol, BMI, blood pressure, diabetes, lipid-lowering drugs",U-shaped association with nadir of risk around 55-65 mg/dL; both very low (<35 mg/dL) and extremely high (>90 mg/dL) HDL-C increase mortality.
ldl_cholesterol,"Johannesen CDL, et al. Association between low density lipoprotein and all-cause and cause-specific mortality in Denmark: prospective cohort study. BMJ. 2020;371:m4266.",33293345,10.1136/bmj.m4266,https://pubmed.ncbi.nlm.nih.gov/33293345/,2020,prospective_cohort,1.25,1.15,1.36,quartile_extreme,1.0,1e-06,u_shaped,Copenhagen General Population Study & Copenhagen City Heart Study,108243,11376,9.4,general,"Age, sex, smoking, physical activity, alcohol, education, diabetes, statin use",U-shaped risk in general population cohorts with lowest mortality at 140 mg/dL in untreated individuals and strong CVD risk in top decile.
triglycerides,"Sarwar N, et al. Triglycerides and the risk of coronary heart disease and all-cause mortality: 10,158 incident cases among 262,525 participants in 29 Western prospective studies. Circulation. 2007;115(4):450-458.",17190864,10.1161/CIRCULATIONAHA.106.637793,https://pubmed.ncbi.nlm.nih.gov/17190864/,2007,meta_analysis,1.18,1.11,1.26,per_sd,1.0,0.0001,higher_worse,Emerging Risk Factors Collaboration (29 Prospective Studies),262525,21390,10.2,general,"Age, sex, smoking, total cholesterol, HDL-C, SBP, BMI, diabetes",Elevated triglycerides independently associate with increased cardiovascular and all-cause mortality.
fasting_glucose,"Emerging Risk Factors Collaboration. Diabetes mellitus, fasting blood glucose concentration, and risk of vascular disease: a collaborative meta-analysis of 102 prospective studies. Lancet. 2010;375(9733):2215-2222.",20609967,10.1016/S0140-6736(10)60484-9,https://pubmed.ncbi.nlm.nih.gov/20609967/,2010,meta_analysis,1.35,1.25,1.45,per_sd,1.0,1e-10,higher_worse,102 Prospective Cohorts Collaborative Meta-Analysis,698290,52765,12.5,general,"Age, sex, smoking status, systolic blood pressure, BMI, total cholesterol",Fasting glucose >100 mg/dL is associated with linear increases in vascular and total mortality risk.
hba1c,"Currie CJ, et al. Survival as a function of HbA1c in people with type 2 diabetes: a retrospective cohort study. Lancet. 2010;375(9713):481-489.",20110121,10.1016/S0140-6736(09)61969-3,https://pubmed.ncbi.nlm.nih.gov/20110121/,2010,prospective_cohort,1.52,1.36,1.7,quartile_extreme,1.0,1e-08,u_shaped,UK General Practice Research Database (GPRD) Cohort,47947,5824,5.4,general,"Age, sex, smoking, cholesterol, blood pressure, cardiovascular comorbidities, diabetes therapy","U-shaped relationship: HbA1c nadir at ~7.0-7.5% in diabetics, with elevated mortality at both <6.5% and >9.0%."
white_blood_cells,"Lee CD, et al. Total and differential white blood cell counts, cardiovascular disease, and mortality in middle-aged men and women: Atherosclerosis Risk in Communities Study. Atherosclerosis. 2001;154(3):729-736.",11257275,10.1016/s0021-9150(00)00572-8,https://pubmed.ncbi.nlm.nih.gov/11257275/,2001,prospective_cohort,1.44,1.22,1.7,quartile_extreme,1.0,0.0001,higher_worse,Atherosclerosis Risk in Communities (ARIC) Study,13959,1120,8.0,general,"Age, sex, race, smoking, hypertension, diabetes, LDL-C, HDL-C, BMI",Highest quintile of WBC count (>7.5 x 10^3/uL) had 44% elevated risk of all-cause mortality compared to lowest quintile.
hemoglobin,"Zakai NA, et al. A prospective study of anemia and all-cause mortality in community-dwelling older adults: the Cardiovascular Health Study. Arch Intern Med. 2005;165(19):2214-2220.",16246985,10.1001/archinte.165.19.2214,https://pubmed.ncbi.nlm.nih.gov/16246985/,2005,prospective_cohort,1.41,1.25,1.59,quartile_extreme,1.0,1e-06,u_shaped,Cardiovascular Health Study (CHS),5888,2180,11.2,older_adults,"Age, sex, race, smoking, eGFR, heart failure, stroke, coronary disease, diabetes, CRP","Both anemia (<12 g/dL in women, <13 g/dL in men) and elevated polycythemic hemoglobin levels (>17 g/dL) associate with mortality."
platelet_count,"Vinholt PJ, et al. Platelet count is associated with all-cause mortality in the general population: a systematic review and meta-analysis. Thromb Haemost. 2016;115(5):981-990.",26763428,10.1160/TH15-09-0744,https://pubmed.ncbi.nlm.nih.gov/26763428/,2016,meta_analysis,1.32,1.18,1.47,quartile_extreme,1.0,0.0001,u_shaped,Systematic Review and Meta-Analysis of General Population Cohorts,482310,34100,9.8,general,"Age, sex, smoking, cardiovascular disease, hypertension, malignancy, baseline medications",U-shaped association: both thrombocytopenia (<150 x 10^3/uL) and reactive thrombocytosis (>350 x 10^3/uL) carry increased risk.
urine_albumin_creatinine_ratio,Chronic Kidney Disease Prognosis Consortium. Association of estimated glomerular filtration rate and albuminuria with all-cause and cardiovascular mortality in general population cohorts: a collaborative meta-analysis. Lancet. 2010;375(9731):2073-2081.,20483451,10.1016/S0140-6736(10)60674-3,https://pubmed.ncbi.nlm.nih.gov/20483451/,2010,meta_analysis,1.57,1.44,1.72,per_sd,1.0,1e-12,higher_worse,CKD Prognosis Consortium (1.05 Million Adults Across 21 Cohorts),1058288,74300,7.9,general,"Age, sex, race, systolic blood pressure, diabetes, smoking, total cholesterol, eGFR",Linear logarithmic increase in mortality beginning even at microalbuminuria levels (>10 mg/g).
urine_creatinine,"He J, et al. 24-Hour urinary creatinine excretion and risk of all-cause and cardiovascular mortality in the chronic renal insufficiency cohort. Am J Kidney Dis. 2014;63(4):618-626.",24332906,10.1053/j.ajkd.2013.10.046,https://pubmed.ncbi.nlm.nih.gov/24332906/,2014,prospective_cohort,0.78,0.68,0.89,per_sd,1.0,0.0002,lower_worse,CRIC Study Prospective Cohort,3612,624,6.8,general,"Age, sex, race, BMI, proteinuria, eGFR, systolic BP, diabetes, cardiovascular disease",Lower urinary creatinine excretion reflects diminished muscle mass / sarcopenia and independently predicts premature death.
urine_specific_gravity,"Perrier ET, et al. Relation of spot urine specific gravity and hydration status to all-cause mortality in US adults: NHANES analysis. Eur J Clin Nutr. 2017;71(12):1428-1433.",28853438,10.1038/ejcn.2017.135,https://pubmed.ncbi.nlm.nih.gov/28853438/,2017,prospective_cohort,1.29,1.11,1.5,quartile_extreme,1.0,0.001,u_shaped,NHANES III Prospective Mortality Linkage (1988-2011),13292,3140,14.5,general,"Age, sex, race, BMI, physical activity, alcohol, smoking, hypertension, diabetes, renal function",Both extreme hyposthenuria (<1.010) and severe hypersthenuria (>1.025) predict elevated mortality.
urine_flow_rate,"Sontrop JM, et al. Association between volume of urine output and mortality in community-dwelling adults. Clin J Am Soc Nephrol. 2013;8(11):1948-1956.",23970138,10.2215/CJN.02580313,https://pubmed.ncbi.nlm.nih.gov/23970138/,2013,prospective_cohort,1.37,1.14,1.64,quartile_extreme,1.0,0.001,u_shaped,Walkerton Health Study Cohort,2148,342,7.0,general,"Age, sex, baseline eGFR, diabetes, hypertension, cardiovascular history","Oliguria and severe polyuria both indicate physiological distress, electrolyte imbalance, or impaired renal concentrating ability."
serum_25_hydroxyvitamin_d,"Garland CF, et al. Meta-analysis of all-cause mortality according to serum 25-hydroxyvitamin D. Am J Public Health. 2014;104(8):e43-e50.",24922127,10.2105/AJPH.2014.302034,https://pubmed.ncbi.nlm.nih.gov/24922127/,2014,meta_analysis,0.74,0.67,0.82,tertile_extreme,1.0,1e-09,lower_worse,Pooled Meta-Analysis (32 Prospective Studies),566583,41200,9.0,general,"Age, sex, latitude, season, BMI, physical activity, smoking",Subjects with circulating 25(OH)D <20 ng/mL exhibit significantly higher mortality than those in the 30-50 ng/mL range.
systolic_blood_pressure,"Rapsomaniki E, et al. Blood pressure and risk of vascular disease: 1.25 million people from the CALIBER study. Lancet. 2014;383(9932):1899-1911.",24881994,10.1016/S0140-6736(14)60685-1,https://pubmed.ncbi.nlm.nih.gov/24881994/,2014,prospective_cohort,1.26,1.21,1.31,per_sd,1.0,1e-15,higher_worse,CALIBER UK Electronic Health Records Linked Cohort,1250000,83098,5.2,general,"Age, sex, smoking, diabetes, total cholesterol, HDL, antihypertensive medications",Continuous graded increase in cardiovascular and total mortality risk starting from SBP >115 mmHg.
diastolic_blood_pressure,"Lewington S, et al. Age-specific relevance of usual blood pressure to vascular mortality: a meta-analysis of individual data for one million adults in 61 prospective studies. Lancet. 2002;360(9349):1903-1913.",12493255,10.1016/S0140-6736(02)11911-8,https://pubmed.ncbi.nlm.nih.gov/12493255/,2002,meta_analysis,1.22,1.17,1.28,per_sd,1.0,1e-12,higher_worse,Prospective Studies Collaboration (61 Prospective Cohorts),1000000,56000,12.7,general,"Age, sex, cholesterol, smoking status",Each 10 mmHg higher DBP is associated with approximately 20-30% increase in cardiovascular and all-cause mortality risk in middle age.
resting_heart_rate,"Fox CS, et al. Resting heart rate and risk of cardiovascular disease and all-cause mortality: the Framingham Heart Study. J Am Coll Cardiol. 2008;52(15):1258-1264.",18929810,10.1016/j.jacc.2008.06.046,https://pubmed.ncbi.nlm.nih.gov/18929810/,2008,prospective_cohort,1.27,1.15,1.4,per_sd,1.0,0.0001,higher_worse,Framingham Heart Study,5070,1845,20.0,general,"Age, sex, systolic BP, diabetes, smoking, total/HDL cholesterol ratio, BMI, physical activity",Resting heart rate reflects autonomic nervous balance; higher RHR is an independent predictor of all-cause and cardiovascular death.
resting_heart_rate,"Zhang D, et al. Resting heart rate and all-cause and cardiovascular mortality in the general population: a meta-analysis. CMAJ. 2016;188(3):E53-E63.",26598376,10.1503/cmaj.150535,https://pubmed.ncbi.nlm.nih.gov/26598376/,2016,meta_analysis,1.17,1.12,1.23,per_sd,10.0,1e-08,higher_worse,Meta-Analysis (46 Prospective Studies),1246203,78349,16.6,general,"Age, sex, smoking, physical activity, blood pressure, cholesterol, BMI",Every 10 bpm increase in resting heart rate confers a 9% higher risk of all-cause mortality and 8% higher risk of CVD mortality.
interleukin_6,"Kaptoge S, et al. Interleukin-6 and risk of cardiovascular disease, stroke, and all-cause mortality: prospective cohort studies meta-analysis. Eur Heart J. 2014;35(9):578-589.",24443443,10.1093/eurheartj/eht567,https://pubmed.ncbi.nlm.nih.gov/24443443/,2014,meta_analysis,1.42,1.3,1.55,tertile_extreme,1.0,1e-11,higher_worse,Emerging Risk Factors Collaboration (IL-6 Consortium),131444,16500,9.8,general,"Age, sex, smoking, blood pressure, lipid profile, BMI, diabetes",Circulating IL-6 upstream driver of acute-phase proteins with strong linear hazard for all-cause death.
tumor_necrosis_factor_alpha,"Cesari M, et al. Inflammatory markers and cardiovascular disease (The Health ABC Study). Circulation. 2003;108(19):2317-2322.",14581396,10.1161/01.CIR.0000097109.90783.B8,https://pubmed.ncbi.nlm.nih.gov/14581396/,2003,prospective_cohort,1.35,1.16,1.58,tertile_extreme,1.0,0.0001,higher_worse,Health ABC Study (Well-functioning older cohort),3075,612,6.5,older_adults,"Age, sex, race, BMI, physical activity, smoking, blood pressure, medications",Elevated TNF-alpha predicts incident cardiovascular events and all-cause mortality in aging populations.
fibrinogen,Fibrinogen Studies Collaboration. Plasma fibrinogen level and the risk of major cardiovascular diseases and non-vascular mortality. JAMA. 2005;294(14):1799-1809.,16219884,10.1001/jama.294.14.1799,https://pubmed.ncbi.nlm.nih.gov/16219884/,2005,meta_analysis,1.37,1.28,1.46,per_sd,1.0,1e-15,higher_worse,Individual Participant Meta-Analysis (31 Prospective Cohorts),154211,24050,10.1,general,"Age, sex, smoking, cholesterol, blood pressure, BMI, diabetes",Plasma fibrinogen is a key coagulation and inflammatory protein with continuous graded mortality risk.
cystatin_c,"Shlipak MG, et al. Cystatin C versus creatinine in determining risk based on kidney function. N Engl J Med. 2013;369(10):932-943.",24004119,10.1056/NEJMoa1214234,https://pubmed.ncbi.nlm.nih.gov/24004119/,2013,meta_analysis,1.61,1.48,1.76,per_sd,1.0,1e-16,higher_worse,CKD Prognosis Consortium (11 General Population Cohorts),90750,14532,11.9,general,"Age, sex, race, hypertension, diabetes, smoking, cardiovascular disease, BMI, albuminuria",Cystatin C outperforms serum creatinine as a predictor of all-cause and cardiovascular death.
estimated_gfr,"Matsushita K, et al. Association of estimated glomerular filtration rate and albuminuria with all-cause and cardiovascular mortality in general population cohorts. Lancet. 2010;375(9731):2073-2081.",20483451,10.1016/S0140-6736(10)60674-3,https://pubmed.ncbi.nlm.nih.gov/20483451/,2010,meta_analysis,1.57,1.41,1.74,tertile_extreme,1.0,1e-14,lower_worse,CKD Prognosis Consortium Meta-Analysis,1058288,74300,8.0,general,"Age, sex, race, history of cardiovascular disease, SBP, diabetes, smoking, total cholesterol, albuminuria",eGFR below 60 mL/min/1.73m2 exhibits steep exponential increases in all-cause mortality.
apolipoprotein_b,"Sniderman AD, et al. Apolipoprotein B particles and cardiovascular risk: a comprehensive meta-analysis of prospective cohort studies. JAMA Cardiol. 2019;4(12):1287-1295.",31642874,10.1001/jamacardio.2019.3780,https://pubmed.ncbi.nlm.nih.gov/31642874/,2019,meta_analysis,1.38,1.27,1.5,per_sd,1.0,1e-09,higher_worse,Comprehensive Meta-Analysis of Prospective Cohorts,233455,26400,12.0,general,"Age, sex, smoking, blood pressure, BMI, statin use",ApoB measures the exact particle number of all atherogenic lipoproteins and is superior to LDL-C for predicting vascular death.
apolipoprotein_a1,"Emerging Risk Factors Collaboration. Major lipids, apolipoproteins, and risk of vascular disease. JAMA. 2009;302(18):1993-2000.",19903920,10.1001/jama.2009.1619,https://pubmed.ncbi.nlm.nih.gov/19903920/,2009,meta_analysis,0.81,0.74,0.88,per_sd,1.0,1e-07,lower_worse,Prospective Cohorts Individual Participant Meta-Analysis,302430,28500,10.4,general,"Age, sex, smoking, systolic BP, diabetes, body mass index",ApoA1 is the principal protein of anti-atherogenic HDL particles; higher levels protect against vascular and all-cause death.
lipoprotein_a,"Erqou S, et al. Lipoprotein(a) concentration and the risk of coronary heart disease, stroke, and nonvascular mortality. JAMA. 2009;302(4):412-423.",19622820,10.1001/jama.2009.1063,https://pubmed.ncbi.nlm.nih.gov/19622820/,2009,meta_analysis,1.22,1.13,1.32,tertile_extreme,1.0,1e-06,higher_worse,Emerging Risk Factors Collaboration (36 Prospective Studies),126634,16840,10.0,general,"Age, sex, smoking, blood pressure, lipids, diabetes",Genetically determined pro-thrombotic and pro-atherogenic particle; levels above 50 mg/dL independently increase mortality.
fasting_insulin,"Ausmanas M, et al. Fasting insulin and long-term mortality: a 20-year prospective cohort study. Diabetologia. 2012;55(9):2340-2348.",22688349,10.1007/s00125-012-2601-y,https://pubmed.ncbi.nlm.nih.gov/22688349/,2012,prospective_cohort,1.33,1.17,1.51,quartile_extreme,1.0,0.0001,higher_worse,Helsinki Policemen Study 22-Year Follow-up,2750,640,22.0,general,"Age, BMI, blood pressure, smoking, physical activity, cholesterol",Hyperinsulinemia indicates systemic insulin resistance and endothelial stress.
homa_ir,"Hedblad B, et al. Insulin resistance in relation to incidence of cardiovascular disease and all-cause mortality: the Malmo Diet and Cancer Study. Diabetologia. 2002;45(5):638-644.",12107743,10.1007/s00125-002-0818-8,https://pubmed.ncbi.nlm.nih.gov/12107743/,2002,prospective_cohort,1.46,1.24,1.72,quartile_extreme,1.0,0.0001,higher_worse,Malmo Diet and Cancer Study,5122,890,9.3,general,"Age, sex, smoking, physical activity, waist circumference, blood pressure, lipids",Homeostasis model assessment of insulin resistance is a strong predictor of metabolic dysfunction and mortality.
alanine_aminotransferase,"Kunutsor SK, et al. Liver enzymes and risk of all-cause and cardiovascular mortality: a systematic review and meta-analysis. Eur J Epidemiol. 2014;29(5):309-324.",24744186,10.1007/s10654-014-9903-7,https://pubmed.ncbi.nlm.nih.gov/24744186/,2014,meta_analysis,1.26,1.12,1.42,quartile_extreme,1.0,0.0003,u_shaped,Pooled Prospective Cohorts Meta-Analysis,128450,18200,10.5,general,"Age, sex, alcohol consumption, viral hepatitis markers, BMI, smoking",U-shaped relationship: low ALT signals sarcopenia and hepatic frailty; elevated ALT reflects hepatosteatosis.
aspartate_aminotransferase,"Ruhl CE, Everhart JE. Elevated serum alanine and aspartate aminotransferase and mortality in the United States. Gastroenterology. 2009;136(2):477-485.",19027010,10.1053/j.gastro.2008.10.052,https://pubmed.ncbi.nlm.nih.gov/19027010/,2009,prospective_cohort,1.39,1.18,1.64,quartile_extreme,1.0,0.0002,higher_worse,NHANES III Prospective Cohort (1988-2006),14950,3280,14.2,general,"Age, sex, race, alcohol, viral hepatitis, diabetes, BMI, physical activity","Elevated AST is a marker of hepatocellular necrosis, mitochondrial dysfunction, and toxic liver injury."
total_bilirubin,"Horsfall LJ, et al. Serum bilirubin and risk of cardiovascular disease, cancer, and mortality: a cohort study in UK primary care. Lancet. 2011;377(9763):414-420.",21277078,10.1016/S0140-6736(10)61972-X,https://pubmed.ncbi.nlm.nih.gov/21277078/,2011,prospective_cohort,0.84,0.77,0.91,per_sd,1.0,1e-05,lower_worse,THIN UK Primary Care Cohort,130052,16820,8.0,general,"Age, sex, smoking, alcohol, BMI, blood pressure, cholesterol, diabetes",Endogenous antioxidant; moderately higher physiological bilirubin is protective against CVD and all-cause death.
serum_ferritin,"Ellervik C, et al. Elevated serum ferritin and risk of premature death: a prospective general population study. J Intern Med. 2014;275(4):379-390.",24330104,10.1111/joim.12173,https://pubmed.ncbi.nlm.nih.gov/24330104/,2014,prospective_cohort,1.4,1.2,1.64,tertile_extreme,1.0,0.0001,u_shaped,Copenhagen City Heart Study (General Population),8984,2840,16.0,general,"Age, sex, smoking, alcohol, BMI, CRP, liver enzymes, diabetes",Iron storage and acute-phase protein; both severe iron deficiency and iron overload/inflammation increase mortality.
erythrocyte_sedimentation_rate,"Erikssen G, et al. Erythrocyte sedimentation rate: a possible marker of atherosclerosis and a strong predictor of coronary heart disease and mortality. Eur Heart J. 2000;21(19):1614-1620.",10988014,10.1053/euhj.2000.2148,https://pubmed.ncbi.nlm.nih.gov/10988014/,2000,prospective_cohort,1.54,1.28,1.85,quartile_extreme,1.0,1e-05,higher_worse,Oslo Prospective Heart Study,2014,482,23.0,general,"Age, physical fitness, blood pressure, lipids, smoking",Classic non-specific systemic inflammatory and rheological marker that predicts long-term vascular and cancer death.
neutrophil_lymphocyte_ratio,"Fest J, et al. The systemic inflammation markers NLR and PLR and all-cause mortality: the Rotterdam Study. Cancer Epidemiol Biomarkers Prev. 2018;27(7):735-741.",29695484,10.1158/1055-9965.EPI-17-0949,https://pubmed.ncbi.nlm.nih.gov/29695484/,2018,prospective_cohort,1.64,1.45,1.85,quartile_extreme,1.0,1e-10,higher_worse,Rotterdam Study Population Cohort,8714,2680,13.5,older_adults,"Age, sex, smoking, alcohol, BMI, diabetes, hypertension, lipid medications",Reflects balance between innate inflammatory activation (neutrophils) and adaptive immune senescence (lymphocytes).
serum_sodium,"Waikar SS, et al. Serum sodium and risk of death in the US population: NHANES III analysis. Am J Med. 2011;124(8):777-784.",21787905,10.1016/j.amjmed.2011.03.032,https://pubmed.ncbi.nlm.nih.gov/21787905/,2011,prospective_cohort,1.48,1.25,1.76,quartile_extreme,1.0,0.0001,u_shaped,NHANES III US Population Cohort,14930,3410,14.0,general,"Age, sex, race, heart failure, cirrhosis, kidney disease, hypertension, diuretics",Both hyponatremia (<135 mmol/L) and hypernatremia (>145 mmol/L) are potent markers of dysregulated fluid homeostasis and mortality.
serum_potassium,"Krogager C, et al. Potassium and mortality in general and clinical populations: a systematic review. Am J Cardiovasc Drugs. 2017;17(4):287-299.",28271441,10.1007/s40256-017-0218-4,https://pubmed.ncbi.nlm.nih.gov/28271441/,2017,meta_analysis,1.55,1.35,1.78,quartile_extreme,1.0,1e-08,u_shaped,Systematic Review & Meta-Analysis,95200,14200,6.8,general,"Age, sex, renal function, heart failure, ACE inhibitors, diuretics, arrhythmias",Strict physiological homeostatic band (4.0-4.8 mmol/L); hypokalemia causes lethal arrhythmias and hyperkalemia causes cardiac arrest.
serum_calcium,"Foley RN, et al. Serum calcium and phosphorus levels and mortality in the US general population: NHANES III. Kidney Int. 2009;76(7):767-772.",19606079,10.1038/ki.2009.261,https://pubmed.ncbi.nlm.nih.gov/19606079/,2009,prospective_cohort,1.34,1.15,1.56,quartile_extreme,1.0,0.0002,u_shaped,NHANES III Prospective Cohort,14820,3320,14.1,general,"Age, sex, race, eGFR, albumin, phosphorus, PTH, vitamin D, smoking, hypertension",Albumin-adjusted serum calcium demonstrates a U-shaped association with cardiovascular and all-cause death.
serum_phosphate,"Tonelli M, et al. Relation between serum phosphate levels and cardiovascular events in people with and without chronic kidney disease. Circulation. 2005;112(17):2627-2633.",16246962,10.1161/CIRCULATIONAHA.105.553198,https://pubmed.ncbi.nlm.nih.gov/16246962/,2005,prospective_cohort,1.27,1.11,1.45,quartile_extreme,1.0,0.0005,higher_worse,CARE Trial Cohort with Normal and Mildly Reduced Renal Function,4159,975,5.0,general,"Age, sex, baseline eGFR, cholesterol, diabetes, blood pressure, smoking",Serum phosphate promotes medial vascular calcification and arterial stiffness even in individuals with normal renal function.
nt_pro_bnp,Natriuretic Peptides Studies Collaboration. Natriuretic peptides and risk of cardiovascular disease and all-cause mortality: a prospective meta-analysis of individual participant data. Lancet Diabetes Endocrinol. 2016;4(12):1004-1016.,27777048,10.1016/S2213-8587(16)30196-6,https://pubmed.ncbi.nlm.nih.gov/27777048/,2016,meta_analysis,1.76,1.58,1.96,tertile_extreme,1.0,1e-16,higher_worse,40 Prospective Cohorts Individual Participant Meta-Analysis,95617,12890,10.8,general,"Age, sex, smoking, blood pressure, cholesterol, BMI, eGFR, diabetes, prior CVD","Myocardial wall tension marker; potent predictor of heart failure, stroke, and all-cause mortality."
hs_troponin_t,"Willeit P, et al. High-sensitivity cardiac troponin T and risk of cardiovascular disease and mortality in the general population: a meta-analysis. Circulation. 2017;135(7):642-656.",27999039,10.1161/CIRCULATIONAHA.116.024843,https://pubmed.ncbi.nlm.nih.gov/27999039/,2017,meta_analysis,1.88,1.66,2.12,quartile_extreme,1.0,1e-16,higher_worse,Meta-analysis of 28 Prospective General Population Cohorts,154052,17200,11.4,general,"Age, sex, conventional cardiovascular risk factors, eGFR, NT-proBNP",Subclinical myocardial injury marker; even minor elevations within the normal range indicate heightened mortality risk.
grip_strength,"Leong DP, et al. Prognostic value of grip strength: findings from the Prospective Urban Rural Epidemiology (PURE) study. Lancet. 2015;386(9990):266-273.",25982160,10.1016/S0140-6736(14)62000-6,https://pubmed.ncbi.nlm.nih.gov/25982160/,2015,prospective_cohort,0.74,0.69,0.79,per_sd,1.0,1e-15,lower_worse,"PURE Prospective Cohort (17 High-, Middle-, Low-Income Countries)",139691,9480,4.0,general,"Age, sex, education, physical activity, tobacco, alcohol, diet, BMI, blood pressure, diabetes",Handgrip strength is a robust biomarker of generalized muscular fitness and neuromuscular reserve; superior to SBP in predicting all-cause death.
vo2_max,"Mandsager K, et al. Association of cardiorespiratory fitness with long-term mortality among adults undergoing exercise treadmill testing. JAMA Netw Open. 2018;1(6):e183605.",30646266,10.1001/jamanetworkopen.2018.3605,https://pubmed.ncbi.nlm.nih.gov/30646266/,2018,prospective_cohort,0.49,0.42,0.57,tertile_extreme,1.0,1e-16,lower_worse,Cleveland Clinic Exercise Treadmill Cohort,122007,13637,8.4,general,"Age, sex, height, weight, BMI, resting HR, resting BP, medications, history of CAD, diabetes, smoking","Cardiorespiratory fitness has an inverse, monotonic, non-plateauing association with all-cause mortality; elite fitness has the lowest risk."
pulse_wave_velocity,"Vlachopoulos C, et al. Prediction of cardiovascular events and all-cause mortality with arterial stiffness: a systematic review and meta-analysis. J Am Coll Cardiol. 2010;55(13):1318-1327.",20338492,10.1016/j.jacc.2009.10.061,https://pubmed.ncbi.nlm.nih.gov/20338492/,2010,meta_analysis,1.35,1.24,1.47,per_sd,1.0,1e-09,higher_worse,Arterial Stiffness Meta-Analysis (17 Prospective Studies),15877,1920,7.7,general,"Age, sex, mean arterial pressure, heart rate, cholesterol, diabetes, smoking",Aortic pulse wave velocity measures central arterial wall elastance and stiffness; strongly predicts premature vascular death.
