entrez_id,gene_symbol,index
16,AARS,0
23,ABCF1,1
25,ABL1,2
30,ACAA1,3
39,ACAT2,4
47,ACLY,5
102,ADAM10,6
128,ADH5,7
142,PARP1,8
154,ADRB2,9
178,AGL,10
207,AKT1,11
211,ALAS1,12
226,ALDOA,13
230,ALDOC,14
291,SLC25A4,15
310,ANXA7,16
323,APBB2,17
329,BIRC2,18
332,BIRC5,19
348,APOE,20
351,APP,21
355,FAS,22
387,RHOA,23
392,ARHGAP1,24
427,ASAH1,25
466,ATF1,26
481,ATP1B1,27
501,ALDH7A1,28
533,ATP6V0B,29
572,BAD,30
581,BAX,31
595,CCND1,32
596,BCL2,33
622,BDH1,34
637,BID,35
642,BLMH,36
644,BLVRA,37
652,BMP4,38
664,BNIP3,39
665,BNIP3L,40
670,BPHL,41
672,BRCA1,42
695,BTK,43
701,BUB1B,44
727,C5,45
780,DDR1,46
808,CALM3,47
813,CALU,48
823,CAPN1,49
831,CAST,50
835,CASP2,51
836,CASP3,52
840,CASP7,53
843,CASP10,54
847,CAT,55
868,CBLB,56
873,CBR1,57
874,CBR3,58
890,CCNA2,59
891,CCNB1,60
896,CCND3,61
899,CCNF,62
902,CCNH,63
949,SCARB1,64
958,CD40,65
960,CD44,66
965,CD58,67
976,ADGRE5,68
983,CDK1,69
991,CDC20,70
993,CDC25A,71
994,CDC25B,72
998,CDC42,73
1001,CDH3,74
1017,CDK2,75
1019,CDK4,76
1021,CDK6,77
1022,CDK7,78
1026,CDKN1A,79
1027,CDKN1B,80
1029,CDKN2A,81
1050,CEBPA,82
1052,CEBPD,83
1062,CENPE,84
1070,CETN3,85
1111,CHEK1,86
1123,CHN1,87
1153,CIRBP,88
1212,CLTB,89
1213,CLTC,90
1277,COL1A1,91
1282,COL4A1,92
1385,CREB1,93
1398,CRK,94
1399,CRKL,95
1429,CRYZ,96
1445,CSK,97
1452,CSNK1A1,98
1454,CSNK1E,99
1459,CSNK2A2,100
1465,CSRP1,101
1500,CTNND1,102
1509,CTSD,103
1514,CTSL,104
1534,CYB561,105
1605,DAG1,106
1616,DAXX,107
1633,DCK,108
1635,DCTD,109
1643,DDB2,110
1647,GADD45A,111
1662,DDX10,112
1666,DECR1,113
1676,DFFA,114
1677,DFFB,115
1738,DLD,116
1759,DNM1,117
1786,DNMT1,118
1788,DNMT3A,119
1802,DPH2,120
1829,DSG2,121
1831,TSC22D3,122
1845,DUSP3,123
1846,DUSP4,124
1848,DUSP6,125
1861,TOR1A,126
1870,E2F2,127
1891,ECH1,128
1906,EDN1,129
1950,EGF,130
1956,EGFR,131
1958,EGR1,132
1978,EIF4EBP1,133
1981,EIF4G1,134
1983,EIF5,135
1994,ELAVL1,136
2017,CTTN,137
2037,EPB41L2,138
2042,EPHA3,139
2048,EPHB2,140
2058,EPRS,141
2063,NR2F6,142
2064,ERBB2,143
2065,ERBB3,144
2109,ETFB,145
2113,ETS1,146
2115,ETV1,147
2131,EXT1,148
2146,EZH2,149
2184,FAH,150
2185,PTK2B,151
2195,FAT1,152
2222,FDFT1,153
2263,FGFR2,154
2264,FGFR4,155
2274,FHL2,156
2288,FKBP4,157
2309,FOXO3,158
2353,FOS,159
2356,FPGS,160
2523,FUT1,161
2534,FYN,162
2542,SLC37A4,163
2548,GAA,164
2553,GABPB1,165
2582,GALE,166
2597,GAPDH,167
2624,GATA2,168
2625,GATA3,169
2673,GFPT1,170
2690,GHR,171
2736,GLI2,172
2745,GLRX,173
2767,GNA11,174
2769,GNA15,175
2770,GNAI1,176
2771,GNAI2,177
2778,GNAS,178
2810,SFN,179
2817,GPC1,180
2852,GPER1,181
2886,GRB7,182
2887,GRB10,183
2896,GRN,184
2908,NR3C1,185
2920,CXCL2,186
2946,GSTM2,187
2954,GSTZ1,188
2956,MSH6,189
2958,GTF2A2,190
2961,GTF2E2,191
3028,HSD17B10,192
3033,HADH,193
3066,HDAC2,194
3091,HIF1A,195
3098,HK1,196
3108,HLA-DMA,197
3122,HLA-DRA,198
3156,HMGCR,199
3157,HMGCS1,200
3162,HMOX1,201
3202,HOXA5,202
3206,HOXA10,203
3251,HPRT1,204
3280,HES1,205
3300,DNAJB2,206
3303,HSPA1A,207
3308,HSPA4,208
3312,HSPA8,209
3315,HSPB1,210
3329,HSPD1,211
3337,DNAJB1,212
3383,ICAM1,213
3385,ICAM3,214
3398,ID2,215
3416,IDE,216
3454,IFNAR1,217
3480,IGF1R,218
3482,IGF2R,219
3486,IGFBP3,220
3508,IGHMBP2,221
3551,IKBKB,222
3553,IL1B,223
3566,IL4R,224
3597,IL13RA1,225
3611,ILK,226
3628,INPP1,227
3638,INSIG1,228
3682,ITGAE,229
3693,ITGB5,230
3725,JUN,231
3775,KCNK1,232
3800,KIF5C,233
3815,KIT,234
3895,KTN1,235
3909,LAMA3,236
3925,STMN1,237
3930,LBR,238
3964,LGALS8,239
3978,LIG1,240
3988,LIPA,241
4016,LOXL1,242
4043,LRPAP1,243
4067,LYN,244
4088,SMAD3,245
4125,MAN2B1,246
4144,MAT2A,247
4154,MBNL1,248
4172,MCM3,249
4200,ME2,250
4208,MEF2C,251
4216,MAP3K4,252
4232,MEST,253
4282,MIF,254
4303,FOXO4,255
4312,MMP1,256
4313,MMP2,257
4331,MNAT1,258
4482,MSRA,259
4582,MUC1,260
4605,MYBL2,261
4609,MYC,262
4616,GADD45B,263
4638,MYLK,264
4651,MYO10,265
4690,NCK1,266
4775,NFATC3,267
4776,NFATC4,268
4780,NFE2L2,269
4783,NFIL3,270
4791,NFKB2,271
4792,NFKBIA,272
4793,NFKBIB,273
4794,NFKBIE,274
4817,NIT1,275
4836,NMT1,276
4846,NOS3,277
4850,CNOT4,278
4851,NOTCH1,279
4860,PNP,280
4864,NPC1,281
4891,SLC11A2,282
4893,NRAS,283
4925,NUCB2,284
4927,NUP88,285
4931,NVL,286
4998,ORC1,287
5018,OXA1L,288
5019,OXCT1,289
5048,PAFAH1B1,290
5050,PAFAH1B3,291
5054,SERPINE1,292
5058,PAK1,293
5092,PCBD1,294
5096,PCCB,295
5106,PCK2,296
5108,PCM1,297
5110,PCMT1,298
5111,PCNA,299
5154,PDGFA,300
5211,PFKL,301
5223,PGAM1,302
5236,PGM1,303
5255,PHKA1,304
5257,PHKB,305
5261,PHKG2,306
5287,PIK3C2B,307
5289,PIK3C3,308
5290,PIK3CA,309
5300,PIN1,310
5321,PLA2G4A,311
5331,PLCB3,312
5347,PLK1,313
5355,PLP2,314
5357,PLS1,315
5359,PLSCR1,316
5366,PMAIP1,317
5373,PMM2,318
5423,POLB,319
5427,POLE2,320
5438,POLR2I,321
5440,POLR2K,322
5467,PPARD,323
5468,PPARG,324
5480,PPIC,325
5498,PPOX,326
5525,PPP2R5A,327
5529,PPP2R5E,328
5547,PRCP,329
5566,PRKACA,330
5580,PRKCD,331
5583,PRKCH,332
5588,PRKCQ,333
5601,MAPK9,334
5603,MAPK13,335
5607,MAP2K5,336
5613,PRKX,337
5627,PROS1,338
5641,LGMN,339
5654,HTRA1,340
5696,PSMB8,341
5699,PSMB10,342
5708,PSMD2,343
5710,PSMD4,344
5715,PSMD9,345
5716,PSMD10,346
5720,PSME1,347
5721,PSME2,348
5743,PTGS2,349
5747,PTK2,350
5770,PTPN1,351
5777,PTPN6,352
5782,PTPN12,353
5788,PTPRC,354
5792,PTPRF,355
5796,PTPRK,356
5827,PXMP2,357
5829,PXN,358
5831,PYCR1,359
5836,PYGL,360
5867,RAB4A,361
5873,RAB27A,362
5880,RAC2,363
5883,RAD9A,364
5889,RAD51C,365
5891,MOK,366
5898,RALA,367
5899,RALB,368
5900,RALGDS,369
5909,RAP1GAP,370
5921,RASA1,371
5925,RB1,372
5927,KDM5A,373
5971,RELB,374
5982,RFC2,375
5985,RFC5,376
5986,RFNG,377
5993,RFX5,378
5997,RGS2,379
6009,RHEB,380
6050,RNH1,381
6117,RPA1,382
6118,RPA2,383
6119,RPA3,384
6182,MRPL12,385
6184,RPN1,386
6193,RPS5,387
6194,RPS6,388
6195,RPS6KA1,389
6251,RSU1,390
6253,RTN2,391
6275,S100A4,392
6284,S100A13,393
6304,SATB1,394
6342,SCP2,395
6347,CCL2,396
6390,SDHB,397
6443,SGCB,398
6461,SHB,399
6464,SHC1,400
6499,SKIV2L,401
6500,SKP1,402
6509,SLC1A4,403
6597,SMARCA4,404
6599,SMARCC1,405
6603,SMARCD2,406
6616,SNAP25,407
6622,SNCA,408
6657,SOX2,409
6659,SOX4,410
6676,SPAG4,411
6696,SPP1,412
6697,SPR,413
6709,SPTAN1,414
6714,SRC,415
6772,STAT1,416
6774,STAT3,417
6777,STAT5B,418
6790,AURKA,419
6793,STK10,420
6804,STX1A,421
6810,STX4,422
6812,STXBP1,423
6813,STXBP2,424
6832,SUPV3L1,425
6839,SUV39H1,426
6850,SYK,427
6856,SYPL1,428
6894,TARBP1,429
6908,TBP,430
6909,TBX2,431
6915,TBXA2R,432
6919,TCEA2,433
6944,VPS72,434
6988,TCTA,435
6990,DYNLT3,436
7015,TERT,437
7016,TESK1,438
7020,TFAP2A,439
7027,TFDP1,440
7043,TGFB3,441
7048,TGFBR2,442
7074,TIAM1,443
7077,TIMP2,444
7082,TJP1,445
7088,TLE1,446
7099,TLR4,447
7105,TSPAN6,448
7106,TSPAN4,449
7153,TOP2A,450
7157,TP53,451
7158,TP53BP1,452
7159,TP53BP2,453
7165,TPD52L2,454
7168,TPM1,455
7264,TSTA3,456
7296,TXNRD1,457
7319,UBE2A,458
7358,UGDH,459
7376,NR1H2,460
7398,USP1,461
7416,VDAC1,462
7466,WFS1,463
7485,WRB,464
7494,XBP1,465
7511,XPNPEP1,466
7538,ZFP36,467
7690,ZNF131,468
7750,ZMYM2,469
7849,PAX8,470
7852,CXCR4,471
7866,IFRD2,472
7867,MAPKAPK3,473
7874,USP7,474
7905,REEP5,475
7982,ST7,476
7994,KAT6A,477
8050,PDHX,478
8061,FOSL1,479
8091,HMGA2,480
8202,NCOA3,481
8204,NRIP1,482
8243,SMC1A,483
8270,LAGE3,484
8312,AXIN1,485
8318,CDC45,486
8321,FZD1,487
8324,FZD7,488
8349,HIST2H2BE,489
8396,PIP4K2B,490
8440,NCK2,491
8444,DYRK3,492
8446,DUSP11,493
8480,RAE1,494
8503,PIK3R3,495
8508,NIPSNAP1,496
8518,IKBKAP,497
8520,HAT1,498
8550,MAPKAPK5,499
8553,BHLHE40,500
8569,MKNK1,501
8573,CASK,502
8574,AKR7A2,503
8607,RUVBL1,504
8624,PSMG1,505
8678,BECN1,506
8720,MBTPS1,507
8726,EED,508
8727,CTNNAL1,509
8731,RNMT,510
8800,PEX11A,511
8804,CREG1,512
8821,INPP4B,513
8826,IQGAP1,514
8835,SOCS2,515
8837,CFLAR,516
8851,CDK5R1,517
8869,ST3GAL5,518
8870,IER3,519
8878,SQSTM1,520
8884,SLC5A6,521
8895,CPNE3,522
8900,CCNA1,523
8914,TIMELESS,524
8974,P4HA2,525
8985,PLOD3,526
8996,NOL3,527
9016,SLC25A14,528
9019,MPZL1,529
9053,MAP7,530
9093,DNAJA3,531
9097,USP14,532
9112,MTA1,533
9124,PDLIM1,534
9126,SMC3,535
9128,PRPF4,536
9133,CCNB2,537
9134,CCNE2,538
9143,SYNGR3,539
9170,LPAR2,540
9181,ARHGEF2,541
9183,ZW10,542
9212,AURKB,543
9217,VAPB,544
9221,NOLC1,545
9246,UBE2L6,546
9261,MAPKAPK2,547
9267,CYTH1,548
9270,ITGB1BP1,549
9275,BCL7B,550
9276,COPB2,551
9289,ADGRG1,552
9375,TM9SF2,553
9448,MAP4K4,554
9455,HOMER2,555
9467,SH3BP5,556
9488,PIGB,557
9491,PSMF1,558
9517,SPTLC2,559
9519,TBPL1,560
9531,BAG3,561
9533,POLR1C,562
9552,SPAG7,563
9637,FEZ2,564
9641,IKBKE,565
9650,MTFR1,566
9653,HS2ST1,567
9670,IPO13,568
9686,VGLL4,569
9688,NUP93,570
9690,UBE3C,571
9695,EDEM1,572
9697,TRAM2,573
9702,CEP57,574
9703,KIAA0100,575
9709,HERPUD1,576
9710,KIAA0355,577
9712,USP6NL,578
9738,CCP110,579
9761,MLEC,580
9797,TATDN2,581
9801,MRPL19,582
9805,SCRN1,583
9813,EFCAB14,584
9817,KEAP1,585
9833,MELK,586
9842,PLEKHM1,587
9847,C2CD5,588
9851,KIAA0753,589
9854,C2CD2L,590
9868,TOMM70A,591
9897,KIAA0196,592
9903,KLHL21,593
9915,ARNT2,594
9917,FAM20B,595
9918,NCAPD2,596
9924,PAN2,597
9926,LPGAT1,598
9928,KIF14,599
9943,OXSR1,600
9961,MVP,601
9988,DMTF1,602
10007,GNPDA1,603
10013,HDAC6,604
10038,PARP2,605
10046,MAMLD1,606
10049,DNAJB6,607
10051,SMC4,608
10057,ABCC5,609
10058,ABCB6,610
10059,DNM1L,611
10099,TSPAN3,612
10112,KIF20A,613
10123,ARL4C,614
10131,TRAP1,615
10146,G3BP1,616
10150,MBNL2,617
10153,CEBPZ,618
10165,SLC25A13,619
10174,SORBS3,620
10180,RBM6,621
10190,TXNDC9,622
10206,TRIM13,623
10221,TRIB1,624
10227,MFSD10,625
10237,SLC35B1,626
10245,TIMM17B,627
10270,AKAP8,628
10273,STUB1,629
10276,NET1,630
10285,SMNDC1,631
10298,PAK4,632
10318,TNIP1,633
10320,IKZF1,634
10329,TMEM5,635
10362,HMG20B,636
10398,MYL9,637
10434,LYPLA1,638
10450,PPIE,639
10451,VAV3,640
10489,LRRC41,641
10491,CRTAP,642
10493,VAT1,643
10494,STK25,644
10513,APPBP2,645
10523,CHERP,646
10525,HYOU1,647
10557,RPP38,648
10559,SLC35A1,649
10589,DRAP1,650
10606,PAICS,651
10610,ST6GALNAC2,652
10617,STAMBP,653
10641,NPRL2,654
10644,IGF2BP2,655
10652,YKT6,656
10668,CGRRF1,657
10670,RRAGA,658
10681,GNB5,659
10682,EBP,660
10695,CNPY3,661
10730,YME1L1,662
10732,TCFL5,663
10765,KDM5B,664
10775,POP4,665
10776,ARPP19,666
10782,ZNF274,667
10797,MTHFD2,668
10810,WASF3,669
10813,UTP14A,670
10818,FRS2,671
10845,CLPX,672
10857,PGRMC1,673
10892,MALT1,674
10898,CPSF4,675
10904,BLCAP,676
10915,TCERG1,677
10921,RNPS1,678
10953,TOMM34,679
10954,PDIA5,680
10962,MLLT11,681
10969,EBNA1BP2,682
10972,TMED10,683
10973,ASCC3,684
11000,SLC27A3,685
11004,KIF2C,686
11007,CCDC85B,687
11011,TLK2,688
11014,KDELR2,689
11031,RAB31,690
11041,B4GAT1,691
11044,PAPD7,692
11065,UBE2C,693
11072,DUSP14,694
11073,TOPBP1,695
11098,PRSS23,696
11137,PWP1,697
11142,PKIG,698
11151,CORO1A,699
11157,LSM6,700
11168,PSIP1,701
11182,SLC2A6,702
11188,NISCH,703
11200,CHEK2,704
11230,PRAF2,705
11232,POLG2,706
11261,CHP1,707
11284,PNKP,708
11319,ECD,709
11325,DDX42,710
11344,TWF2,711
22794,CASC3,712
22796,COG2,713
22809,ATF5,714
22823,MTF2,715
22827,PUF60,716
22841,RAB11FIP2,717
22883,CLSTN1,718
22887,FOXJ3,719
22889,KIAA0907,720
22905,EPN2,721
22908,SACM1L,722
22926,ATF6,723
22934,RPIA,724
23011,RAB21,725
23013,SPEN,726
23014,FBXO21,727
23029,RBM34,728
23038,WDTC1,729
23039,XPO7,730
23061,TBC1D9B,731
23076,RRP1B,732
23077,MYCBP2,733
23097,CDK19,734
23131,GPATCH8,735
23139,MAST2,736
23142,DCUN1D4,737
23149,FCHO1,738
23161,SNX13,739
23200,ATP11B,740
23210,JMJD6,741
23212,RRS1,742
23223,RRP12,743
23224,SYNE2,744
23244,PDS5A,745
23271,CAMSAP2,746
23300,ATMIN,747
23321,TRIM2,748
23325,KIAA1033,749
23326,USP22,750
23335,WDR7,751
23338,JADE2,752
23365,ARHGEF12,753
23368,PPP1R13B,754
23378,RRP8,755
23386,NUDCD3,756
23410,SIRT3,757
23443,SLC35A3,758
23463,ICMT,759
23499,MACF1,760
23512,SUZ12,761
23522,KAT6B,762
23530,NNT,763
23536,ADAT1,764
23585,TMEM50A,765
23588,KLHDC2,766
23597,ACOT9,767
23635,SSBP2,768
23636,NUP62,769
23647,ARFIP2,770
23658,LSM5,771
23659,PLA2G15,772
23670,TMEM2,773
24149,ZNF318,774
25793,FBXO7,775
25803,SPDEF,776
25805,BAMBI,777
25825,BACE2,778
25839,COG4,779
25874,MPC2,780
25932,CLIC4,781
25966,C2CD2,782
25976,TIPARP,783
25987,TSKU,784
26001,RNF167,785
26020,LRP10,786
26036,ZNF451,787
26054,SENP6,788
26064,RAI14,789
26128,KIF1BP,790
26136,TES,791
26227,PHGDH,792
26292,MYCBP,793
26511,CHIC2,794
26520,TIMM9,795
26993,AKAP8L,796
27032,ATP2C1,797
27095,TRAPPC3,798
27109,ATP5S,799
27242,TNFRSF21,800
27244,SESN1,801
27336,HTATSF1,802
27346,TMEM97,803
28969,BZW2,804
29082,CHMP4A,805
29083,GTPBP8,806
29103,DNAJC15,807
29763,PACSIN3,808
29890,RBM15B,809
29911,HOOK2,810
29916,SNX11,811
29928,TIMM22,812
29937,NENF,813
29978,UBQLN2,814
30001,ERO1A,815
30836,DNTTIP2,816
30849,PIK3R4,817
50810,HDGFRP3,818
50813,COPS7A,819
50814,NSDHL,820
50865,HEBP1,821
51001,MTERF3,822
51005,AMDHD2,823
51015,ISOC1,824
51021,MRPS16,825
51024,FIS1,826
51026,GOLT1B,827
51031,GLOD4,828
51053,GMNN,829
51056,LAP3,830
51070,NOSIP,831
51071,DERA,832
51097,SCCPDH,833
51116,MRPS2,834
51160,VPS28,835
51170,HSD17B11,836
51203,NUSAP1,837
51282,SCAND1,838
51293,CD320,839
51335,NGRN,840
51375,SNX7,841
51382,ATP6V1D,842
51385,ZNF589,843
51422,PRKAG2,844
51465,UBE2J1,845
51466,EVL,846
51495,HACD3,847
51569,UFM1,848
51599,LSR,849
51635,DHRS7,850
51719,CAB39,851
51742,ARID4B,852
53343,NUDT9,853
54205,CYCS,854
54386,TERF2IP,855
54438,GFOD1,856
54442,KCTD5,857
54499,TMCO1,858
54505,DHX29,859
54512,EXOSC4,860
54541,DDIT4,861
54623,PAF1,862
54681,P4HTM,863
54733,SLC35F2,864
54807,ZNF586,865
54850,FBXL12,866
54881,TEX10,867
54915,YTHDF1,868
54957,TXNL4B,869
55008,HERC6,870
55011,PIH1D1,871
55012,PPP2R3C,872
55033,FKBP14,873
55038,CDCA4,874
55111,PLEKHJ1,875
55127,HEATR1,876
55129,ANO10,877
55148,UBR7,878
55179,FAIM,879
55256,ADI1,880
55324,ABCF3,881
55556,ENOSF1,882
55604,LRRC16A,883
55608,ANKRD10,884
55620,STAP2,885
55699,IARS2,886
55746,NUP133,887
55748,CNDP2,888
55793,FAM63A,889
55818,KDM3A,890
55825,PECR,891
55837,EAPP,892
55847,CISD1,893
55893,ZNF395,894
55958,KLHL9,895
56654,NPDC1,896
56889,TM9SF3,897
56924,PAK6,898
56940,DUSP22,899
56997,ADCK3,900
57019,CIAPIN1,901
57048,PLSCR3,902
57147,SCYL3,903
57149,LYRM1,904
57178,ZMIZ1,905
57192,MCOLN1,906
57215,THAP11,907
57406,ABHD6,908
57761,TRIB3,909
57804,POLD4,910
58472,SQRDL,911
58478,ENOPH1,912
58497,PRUNE,913
58533,SNX6,914
60493,FASTKD5,915
60528,ELAC2,916
63874,ABHD4,917
63933,MCUR1,918
64080,RBKS,919
64422,ATG3,920
64428,NARFL,921
64429,ZDHHC6,922
64746,ACBD3,923
64781,CERK,924
64943,NT5DC2,925
65057,ACD,926
65123,INTS3,927
66008,TRAK2,928
79006,METRN,929
79071,ELOVL6,930
79073,TMEM109,931
79080,CCDC86,932
79090,TRAPPC6A,933
79094,CHAC1,934
79143,MBOAT7,935
79170,PRR15L,936
79174,CRELD2,937
79187,FSD1,938
79600,TCTN1,939
79643,CHMP6,940
79716,NPEPL1,941
79850,FAM57A,942
79902,NUP85,943
79921,TCEAL4,944
79947,DHDDS,945
79961,DENND2D,946
80204,FBXO11,947
80212,CCDC92,948
80347,COASY,949
80349,WDR61,950
80746,TSEN2,951
80758,PRR7,952
81533,ITFG1,953
81544,GDPD5,954
83743,GRWD1,955
84159,ARID5B,956
84617,TUBB6,957
84722,PSRC1,958
84890,ADO,959
85236,HIST1H2BK,960
85377,MICALL1,961
89910,UBE3B,962
90861,HN1L,963
91137,SLC25A46,964
91949,COG7,965
93487,MAPK1IP1L,966
93594,TBC1D31,967
94239,H2AFV,968
116832,RPL39L,969
124583,CANT1,970
147179,WIPF2,971
148022,TICAM1,972
200081,TXLNA,973
200734,SPRED2,974
256364,EML3,975
375346,TMEM110,976
388650,FAM69A,977
