pair_id,modifier_a,modifier_b,biological_context,study_id,outcome,outcome_type,metric_name,metric_definition
pair_0000,gse153830_t47d_glucose_deprivation,gse153830_mcf7_glucose_deprivation,breast_cancer_x_breast_cancer,GSE153830_GSE153830,1.0,binary,tissue_similarity,"1 if same tissue/cell-line, 0 if different tissue"
pair_0001,gse153830_t47d_glucose_deprivation,gse153830_mcf7_bhb10mm,breast_cancer_x_breast_cancer,GSE153830_GSE153830,1.0,binary,tissue_similarity,"1 if same tissue/cell-line, 0 if different tissue"
pair_0002,gse153830_t47d_glucose_deprivation,gse153830_t47d_bhb25mm,breast_cancer_x_breast_cancer,GSE153830_GSE153830,1.0,binary,tissue_similarity,"1 if same tissue/cell-line, 0 if different tissue"
pair_0003,gse153830_t47d_glucose_deprivation,gse300765_u87_hypoxia1pct48h,breast_cancer_x_brain_cancer,GSE153830_GSE300765,0.0,binary,tissue_similarity,"1 if same tissue/cell-line, 0 if different tissue"
pair_0004,gse153830_t47d_glucose_deprivation,gse300765_u87_acidosis_ph64_48h,breast_cancer_x_brain_cancer,GSE153830_GSE300765,0.0,binary,tissue_similarity,"1 if same tissue/cell-line, 0 if different tissue"
pair_0005,gse153830_t47d_glucose_deprivation,gse300765_u87_acidosis_ph64_10wk,breast_cancer_x_brain_cancer,GSE153830_GSE300765,0.0,binary,tissue_similarity,"1 if same tissue/cell-line, 0 if different tissue"
pair_0006,gse153830_t47d_glucose_deprivation,gse70976_lovo_serumfree96h,breast_cancer_x_colon,GSE153830_GSE70976,0.0,binary,tissue_similarity,"1 if same tissue/cell-line, 0 if different tissue"
pair_0007,gse153830_t47d_glucose_deprivation,gse48398_mcf7_heat45c30min,breast_cancer_x_breast_cancer,GSE153830_GSE48398,1.0,binary,tissue_similarity,"1 if same tissue/cell-line, 0 if different tissue"
pair_0008,gse153830_t47d_glucose_deprivation,gse48398_mda231_heat45c30min,breast_cancer_x_breast_cancer,GSE153830_GSE48398,1.0,binary,tissue_similarity,"1 if same tissue/cell-line, 0 if different tissue"
pair_0009,gse153830_t47d_glucose_deprivation,gse48398_mda468_heat45c30min,breast_cancer_x_breast_cancer,GSE153830_GSE48398,1.0,binary,tissue_similarity,"1 if same tissue/cell-line, 0 if different tissue"
pair_0010,gse153830_t47d_glucose_deprivation,gse10043_u937_mildhyperthermia41c30min,breast_cancer_x_blood,GSE153830_GSE10043,0.0,binary,tissue_similarity,"1 if same tissue/cell-line, 0 if different tissue"
pair_0011,gse153830_t47d_glucose_deprivation,gse55924_muscle_fast24h_vs_1p5h,breast_cancer_x_muscle,GSE153830_GSE55924,0.0,binary,tissue_similarity,"1 if same tissue/cell-line, 0 if different tissue"
pair_0012,gse153830_t47d_glucose_deprivation,gse156248_muscle_cold10d,breast_cancer_x_muscle,GSE153830_GSE156248,0.0,binary,tissue_similarity,"1 if same tissue/cell-line, 0 if different tissue"
pair_0013,gse153830_t47d_glucose_deprivation,gse156247_muscle_exercise12w,breast_cancer_x_muscle,GSE153830_GSE156247,0.0,binary,tissue_similarity,"1 if same tissue/cell-line, 0 if different tissue"
pair_0014,gse153830_t47d_glucose_deprivation,gse12474_muscle_heat_sheet10w,breast_cancer_x_muscle,GSE153830_GSE12474,0.0,binary,tissue_similarity,"1 if same tissue/cell-line, 0 if different tissue"
pair_0015,gse153830_t47d_glucose_deprivation,gse90763_pbmc_sauna_15min_after,breast_cancer_x_blood,GSE153830_GSE90763,0.0,binary,tissue_similarity,"1 if same tissue/cell-line, 0 if different tissue"
pair_0016,gse153830_t47d_glucose_deprivation,gse129843_muscle_trf8h_vs_15h,breast_cancer_x_muscle,GSE153830_GSE129843,0.0,binary,tissue_similarity,"1 if same tissue/cell-line, 0 if different tissue"
pair_0017,gse153830_t47d_glucose_deprivation,gse168705_adipose_tre10h_8w,breast_cancer_x_adipose,GSE153830_GSE168705,0.0,binary,tissue_similarity,"1 if same tissue/cell-line, 0 if different tissue"
pair_0018,gse153830_t47d_glucose_deprivation,gse3606_wbc_exhaustive_1h,breast_cancer_x_blood,GSE153830_GSE3606,0.0,binary,tissue_similarity,"1 if same tissue/cell-line, 0 if different tissue"
pair_0019,gse153830_t47d_glucose_deprivation,gse3606_wbc_moderate_1h,breast_cancer_x_blood,GSE153830_GSE3606,0.0,binary,tissue_similarity,"1 if same tissue/cell-line, 0 if different tissue"
pair_0020,gse153830_t47d_glucose_deprivation,gse252357_muscle_resistance_3h,breast_cancer_x_muscle,GSE153830_GSE252357,0.0,binary,tissue_similarity,"1 if same tissue/cell-line, 0 if different tissue"
pair_0021,gse153830_t47d_glucose_deprivation,gse252357_muscle_resistance_24h,breast_cancer_x_muscle,GSE153830_GSE252357,0.0,binary,tissue_similarity,"1 if same tissue/cell-line, 0 if different tissue"
pair_0022,gse153830_t47d_glucose_deprivation,gse28016_muscle_fast40h_vs_fed,breast_cancer_x_muscle,GSE153830_GSE28016,0.0,binary,tissue_similarity,"1 if same tissue/cell-line, 0 if different tissue"
pair_0023,gse153830_t47d_glucose_deprivation,gse111551_muscle_running18w,breast_cancer_x_muscle,GSE153830_GSE111551,0.0,binary,tissue_similarity,"1 if same tissue/cell-line, 0 if different tissue"
pair_0024,gse153830_t47d_glucose_deprivation,gse111552_pbmc_running18w,breast_cancer_x_blood,GSE153830_GSE111552,0.0,binary,tissue_similarity,"1 if same tissue/cell-line, 0 if different tissue"
pair_0025,gse153830_t47d_glucose_deprivation,gse82323_muscle_heat,breast_cancer_x_muscle,GSE153830_GSE82323,0.0,binary,tissue_similarity,"1 if same tissue/cell-line, 0 if different tissue"
pair_0026,gse153830_t47d_glucose_deprivation,gse82323_soleus_contraction,breast_cancer_x_muscle,GSE153830_GSE82323,0.0,binary,tissue_similarity,"1 if same tissue/cell-line, 0 if different tissue"
pair_0027,gse153830_t47d_glucose_deprivation,gse82323_soleus_vibration,breast_cancer_x_muscle,GSE153830_GSE82323,0.0,binary,tissue_similarity,"1 if same tissue/cell-line, 0 if different tissue"
pair_0028,gse153830_t47d_glucose_deprivation,gse85620_cwi_post_vs_pre,breast_cancer_x_muscle,GSE153830_GSE85620,0.0,binary,tissue_similarity,"1 if same tissue/cell-line, 0 if different tissue"
pair_0029,gse153830_t47d_glucose_deprivation,gse85620_placebo_post_vs_pre,breast_cancer_x_muscle,GSE153830_GSE85620,0.0,binary,tissue_similarity,"1 if same tissue/cell-line, 0 if different tissue"
pair_0030,gse153830_mcf7_glucose_deprivation,gse153830_mcf7_bhb10mm,breast_cancer_x_breast_cancer,GSE153830_GSE153830,1.0,binary,tissue_similarity,"1 if same tissue/cell-line, 0 if different tissue"
pair_0031,gse153830_mcf7_glucose_deprivation,gse153830_t47d_bhb25mm,breast_cancer_x_breast_cancer,GSE153830_GSE153830,1.0,binary,tissue_similarity,"1 if same tissue/cell-line, 0 if different tissue"
pair_0032,gse153830_mcf7_glucose_deprivation,gse300765_u87_hypoxia1pct48h,breast_cancer_x_brain_cancer,GSE153830_GSE300765,0.0,binary,tissue_similarity,"1 if same tissue/cell-line, 0 if different tissue"
pair_0033,gse153830_mcf7_glucose_deprivation,gse300765_u87_acidosis_ph64_48h,breast_cancer_x_brain_cancer,GSE153830_GSE300765,0.0,binary,tissue_similarity,"1 if same tissue/cell-line, 0 if different tissue"
pair_0034,gse153830_mcf7_glucose_deprivation,gse300765_u87_acidosis_ph64_10wk,breast_cancer_x_brain_cancer,GSE153830_GSE300765,0.0,binary,tissue_similarity,"1 if same tissue/cell-line, 0 if different tissue"
pair_0035,gse153830_mcf7_glucose_deprivation,gse70976_lovo_serumfree96h,breast_cancer_x_colon,GSE153830_GSE70976,0.0,binary,tissue_similarity,"1 if same tissue/cell-line, 0 if different tissue"
pair_0036,gse153830_mcf7_glucose_deprivation,gse48398_mcf7_heat45c30min,breast_cancer_x_breast_cancer,GSE153830_GSE48398,1.0,binary,tissue_similarity,"1 if same tissue/cell-line, 0 if different tissue"
pair_0037,gse153830_mcf7_glucose_deprivation,gse48398_mda231_heat45c30min,breast_cancer_x_breast_cancer,GSE153830_GSE48398,1.0,binary,tissue_similarity,"1 if same tissue/cell-line, 0 if different tissue"
pair_0038,gse153830_mcf7_glucose_deprivation,gse48398_mda468_heat45c30min,breast_cancer_x_breast_cancer,GSE153830_GSE48398,1.0,binary,tissue_similarity,"1 if same tissue/cell-line, 0 if different tissue"
pair_0039,gse153830_mcf7_glucose_deprivation,gse10043_u937_mildhyperthermia41c30min,breast_cancer_x_blood,GSE153830_GSE10043,0.0,binary,tissue_similarity,"1 if same tissue/cell-line, 0 if different tissue"
pair_0040,gse153830_mcf7_glucose_deprivation,gse55924_muscle_fast24h_vs_1p5h,breast_cancer_x_muscle,GSE153830_GSE55924,0.0,binary,tissue_similarity,"1 if same tissue/cell-line, 0 if different tissue"
pair_0041,gse153830_mcf7_glucose_deprivation,gse156248_muscle_cold10d,breast_cancer_x_muscle,GSE153830_GSE156248,0.0,binary,tissue_similarity,"1 if same tissue/cell-line, 0 if different tissue"
pair_0042,gse153830_mcf7_glucose_deprivation,gse156247_muscle_exercise12w,breast_cancer_x_muscle,GSE153830_GSE156247,0.0,binary,tissue_similarity,"1 if same tissue/cell-line, 0 if different tissue"
pair_0043,gse153830_mcf7_glucose_deprivation,gse12474_muscle_heat_sheet10w,breast_cancer_x_muscle,GSE153830_GSE12474,0.0,binary,tissue_similarity,"1 if same tissue/cell-line, 0 if different tissue"
pair_0044,gse153830_mcf7_glucose_deprivation,gse90763_pbmc_sauna_15min_after,breast_cancer_x_blood,GSE153830_GSE90763,0.0,binary,tissue_similarity,"1 if same tissue/cell-line, 0 if different tissue"
pair_0045,gse153830_mcf7_glucose_deprivation,gse129843_muscle_trf8h_vs_15h,breast_cancer_x_muscle,GSE153830_GSE129843,0.0,binary,tissue_similarity,"1 if same tissue/cell-line, 0 if different tissue"
pair_0046,gse153830_mcf7_glucose_deprivation,gse168705_adipose_tre10h_8w,breast_cancer_x_adipose,GSE153830_GSE168705,0.0,binary,tissue_similarity,"1 if same tissue/cell-line, 0 if different tissue"
pair_0047,gse153830_mcf7_glucose_deprivation,gse3606_wbc_exhaustive_1h,breast_cancer_x_blood,GSE153830_GSE3606,0.0,binary,tissue_similarity,"1 if same tissue/cell-line, 0 if different tissue"
pair_0048,gse153830_mcf7_glucose_deprivation,gse3606_wbc_moderate_1h,breast_cancer_x_blood,GSE153830_GSE3606,0.0,binary,tissue_similarity,"1 if same tissue/cell-line, 0 if different tissue"
pair_0049,gse153830_mcf7_glucose_deprivation,gse252357_muscle_resistance_3h,breast_cancer_x_muscle,GSE153830_GSE252357,0.0,binary,tissue_similarity,"1 if same tissue/cell-line, 0 if different tissue"
pair_0050,gse153830_mcf7_glucose_deprivation,gse252357_muscle_resistance_24h,breast_cancer_x_muscle,GSE153830_GSE252357,0.0,binary,tissue_similarity,"1 if same tissue/cell-line, 0 if different tissue"
pair_0051,gse153830_mcf7_glucose_deprivation,gse28016_muscle_fast40h_vs_fed,breast_cancer_x_muscle,GSE153830_GSE28016,0.0,binary,tissue_similarity,"1 if same tissue/cell-line, 0 if different tissue"
pair_0052,gse153830_mcf7_glucose_deprivation,gse111551_muscle_running18w,breast_cancer_x_muscle,GSE153830_GSE111551,0.0,binary,tissue_similarity,"1 if same tissue/cell-line, 0 if different tissue"
pair_0053,gse153830_mcf7_glucose_deprivation,gse111552_pbmc_running18w,breast_cancer_x_blood,GSE153830_GSE111552,0.0,binary,tissue_similarity,"1 if same tissue/cell-line, 0 if different tissue"
pair_0054,gse153830_mcf7_glucose_deprivation,gse82323_muscle_heat,breast_cancer_x_muscle,GSE153830_GSE82323,0.0,binary,tissue_similarity,"1 if same tissue/cell-line, 0 if different tissue"
pair_0055,gse153830_mcf7_glucose_deprivation,gse82323_soleus_contraction,breast_cancer_x_muscle,GSE153830_GSE82323,0.0,binary,tissue_similarity,"1 if same tissue/cell-line, 0 if different tissue"
pair_0056,gse153830_mcf7_glucose_deprivation,gse82323_soleus_vibration,breast_cancer_x_muscle,GSE153830_GSE82323,0.0,binary,tissue_similarity,"1 if same tissue/cell-line, 0 if different tissue"
pair_0057,gse153830_mcf7_glucose_deprivation,gse85620_cwi_post_vs_pre,breast_cancer_x_muscle,GSE153830_GSE85620,0.0,binary,tissue_similarity,"1 if same tissue/cell-line, 0 if different tissue"
pair_0058,gse153830_mcf7_glucose_deprivation,gse85620_placebo_post_vs_pre,breast_cancer_x_muscle,GSE153830_GSE85620,0.0,binary,tissue_similarity,"1 if same tissue/cell-line, 0 if different tissue"
pair_0059,gse153830_mcf7_bhb10mm,gse153830_t47d_bhb25mm,breast_cancer_x_breast_cancer,GSE153830_GSE153830,1.0,binary,tissue_similarity,"1 if same tissue/cell-line, 0 if different tissue"
pair_0060,gse153830_mcf7_bhb10mm,gse300765_u87_hypoxia1pct48h,breast_cancer_x_brain_cancer,GSE153830_GSE300765,0.0,binary,tissue_similarity,"1 if same tissue/cell-line, 0 if different tissue"
pair_0061,gse153830_mcf7_bhb10mm,gse300765_u87_acidosis_ph64_48h,breast_cancer_x_brain_cancer,GSE153830_GSE300765,0.0,binary,tissue_similarity,"1 if same tissue/cell-line, 0 if different tissue"
pair_0062,gse153830_mcf7_bhb10mm,gse300765_u87_acidosis_ph64_10wk,breast_cancer_x_brain_cancer,GSE153830_GSE300765,0.0,binary,tissue_similarity,"1 if same tissue/cell-line, 0 if different tissue"
pair_0063,gse153830_mcf7_bhb10mm,gse70976_lovo_serumfree96h,breast_cancer_x_colon,GSE153830_GSE70976,0.0,binary,tissue_similarity,"1 if same tissue/cell-line, 0 if different tissue"
pair_0064,gse153830_mcf7_bhb10mm,gse48398_mcf7_heat45c30min,breast_cancer_x_breast_cancer,GSE153830_GSE48398,1.0,binary,tissue_similarity,"1 if same tissue/cell-line, 0 if different tissue"
pair_0065,gse153830_mcf7_bhb10mm,gse48398_mda231_heat45c30min,breast_cancer_x_breast_cancer,GSE153830_GSE48398,1.0,binary,tissue_similarity,"1 if same tissue/cell-line, 0 if different tissue"
pair_0066,gse153830_mcf7_bhb10mm,gse48398_mda468_heat45c30min,breast_cancer_x_breast_cancer,GSE153830_GSE48398,1.0,binary,tissue_similarity,"1 if same tissue/cell-line, 0 if different tissue"
pair_0067,gse153830_mcf7_bhb10mm,gse10043_u937_mildhyperthermia41c30min,breast_cancer_x_blood,GSE153830_GSE10043,0.0,binary,tissue_similarity,"1 if same tissue/cell-line, 0 if different tissue"
pair_0068,gse153830_mcf7_bhb10mm,gse55924_muscle_fast24h_vs_1p5h,breast_cancer_x_muscle,GSE153830_GSE55924,0.0,binary,tissue_similarity,"1 if same tissue/cell-line, 0 if different tissue"
pair_0069,gse153830_mcf7_bhb10mm,gse156248_muscle_cold10d,breast_cancer_x_muscle,GSE153830_GSE156248,0.0,binary,tissue_similarity,"1 if same tissue/cell-line, 0 if different tissue"
pair_0070,gse153830_mcf7_bhb10mm,gse156247_muscle_exercise12w,breast_cancer_x_muscle,GSE153830_GSE156247,0.0,binary,tissue_similarity,"1 if same tissue/cell-line, 0 if different tissue"
pair_0071,gse153830_mcf7_bhb10mm,gse12474_muscle_heat_sheet10w,breast_cancer_x_muscle,GSE153830_GSE12474,0.0,binary,tissue_similarity,"1 if same tissue/cell-line, 0 if different tissue"
pair_0072,gse153830_mcf7_bhb10mm,gse90763_pbmc_sauna_15min_after,breast_cancer_x_blood,GSE153830_GSE90763,0.0,binary,tissue_similarity,"1 if same tissue/cell-line, 0 if different tissue"
pair_0073,gse153830_mcf7_bhb10mm,gse129843_muscle_trf8h_vs_15h,breast_cancer_x_muscle,GSE153830_GSE129843,0.0,binary,tissue_similarity,"1 if same tissue/cell-line, 0 if different tissue"
pair_0074,gse153830_mcf7_bhb10mm,gse168705_adipose_tre10h_8w,breast_cancer_x_adipose,GSE153830_GSE168705,0.0,binary,tissue_similarity,"1 if same tissue/cell-line, 0 if different tissue"
pair_0075,gse153830_mcf7_bhb10mm,gse3606_wbc_exhaustive_1h,breast_cancer_x_blood,GSE153830_GSE3606,0.0,binary,tissue_similarity,"1 if same tissue/cell-line, 0 if different tissue"
pair_0076,gse153830_mcf7_bhb10mm,gse3606_wbc_moderate_1h,breast_cancer_x_blood,GSE153830_GSE3606,0.0,binary,tissue_similarity,"1 if same tissue/cell-line, 0 if different tissue"
pair_0077,gse153830_mcf7_bhb10mm,gse252357_muscle_resistance_3h,breast_cancer_x_muscle,GSE153830_GSE252357,0.0,binary,tissue_similarity,"1 if same tissue/cell-line, 0 if different tissue"
pair_0078,gse153830_mcf7_bhb10mm,gse252357_muscle_resistance_24h,breast_cancer_x_muscle,GSE153830_GSE252357,0.0,binary,tissue_similarity,"1 if same tissue/cell-line, 0 if different tissue"
pair_0079,gse153830_mcf7_bhb10mm,gse28016_muscle_fast40h_vs_fed,breast_cancer_x_muscle,GSE153830_GSE28016,0.0,binary,tissue_similarity,"1 if same tissue/cell-line, 0 if different tissue"
pair_0080,gse153830_mcf7_bhb10mm,gse111551_muscle_running18w,breast_cancer_x_muscle,GSE153830_GSE111551,0.0,binary,tissue_similarity,"1 if same tissue/cell-line, 0 if different tissue"
pair_0081,gse153830_mcf7_bhb10mm,gse111552_pbmc_running18w,breast_cancer_x_blood,GSE153830_GSE111552,0.0,binary,tissue_similarity,"1 if same tissue/cell-line, 0 if different tissue"
pair_0082,gse153830_mcf7_bhb10mm,gse82323_muscle_heat,breast_cancer_x_muscle,GSE153830_GSE82323,0.0,binary,tissue_similarity,"1 if same tissue/cell-line, 0 if different tissue"
pair_0083,gse153830_mcf7_bhb10mm,gse82323_soleus_contraction,breast_cancer_x_muscle,GSE153830_GSE82323,0.0,binary,tissue_similarity,"1 if same tissue/cell-line, 0 if different tissue"
pair_0084,gse153830_mcf7_bhb10mm,gse82323_soleus_vibration,breast_cancer_x_muscle,GSE153830_GSE82323,0.0,binary,tissue_similarity,"1 if same tissue/cell-line, 0 if different tissue"
pair_0085,gse153830_mcf7_bhb10mm,gse85620_cwi_post_vs_pre,breast_cancer_x_muscle,GSE153830_GSE85620,0.0,binary,tissue_similarity,"1 if same tissue/cell-line, 0 if different tissue"
pair_0086,gse153830_mcf7_bhb10mm,gse85620_placebo_post_vs_pre,breast_cancer_x_muscle,GSE153830_GSE85620,0.0,binary,tissue_similarity,"1 if same tissue/cell-line, 0 if different tissue"
pair_0087,gse153830_t47d_bhb25mm,gse300765_u87_hypoxia1pct48h,breast_cancer_x_brain_cancer,GSE153830_GSE300765,0.0,binary,tissue_similarity,"1 if same tissue/cell-line, 0 if different tissue"
pair_0088,gse153830_t47d_bhb25mm,gse300765_u87_acidosis_ph64_48h,breast_cancer_x_brain_cancer,GSE153830_GSE300765,0.0,binary,tissue_similarity,"1 if same tissue/cell-line, 0 if different tissue"
pair_0089,gse153830_t47d_bhb25mm,gse300765_u87_acidosis_ph64_10wk,breast_cancer_x_brain_cancer,GSE153830_GSE300765,0.0,binary,tissue_similarity,"1 if same tissue/cell-line, 0 if different tissue"
pair_0090,gse153830_t47d_bhb25mm,gse70976_lovo_serumfree96h,breast_cancer_x_colon,GSE153830_GSE70976,0.0,binary,tissue_similarity,"1 if same tissue/cell-line, 0 if different tissue"
pair_0091,gse153830_t47d_bhb25mm,gse48398_mcf7_heat45c30min,breast_cancer_x_breast_cancer,GSE153830_GSE48398,1.0,binary,tissue_similarity,"1 if same tissue/cell-line, 0 if different tissue"
pair_0092,gse153830_t47d_bhb25mm,gse48398_mda231_heat45c30min,breast_cancer_x_breast_cancer,GSE153830_GSE48398,1.0,binary,tissue_similarity,"1 if same tissue/cell-line, 0 if different tissue"
pair_0093,gse153830_t47d_bhb25mm,gse48398_mda468_heat45c30min,breast_cancer_x_breast_cancer,GSE153830_GSE48398,1.0,binary,tissue_similarity,"1 if same tissue/cell-line, 0 if different tissue"
pair_0094,gse153830_t47d_bhb25mm,gse10043_u937_mildhyperthermia41c30min,breast_cancer_x_blood,GSE153830_GSE10043,0.0,binary,tissue_similarity,"1 if same tissue/cell-line, 0 if different tissue"
pair_0095,gse153830_t47d_bhb25mm,gse55924_muscle_fast24h_vs_1p5h,breast_cancer_x_muscle,GSE153830_GSE55924,0.0,binary,tissue_similarity,"1 if same tissue/cell-line, 0 if different tissue"
pair_0096,gse153830_t47d_bhb25mm,gse156248_muscle_cold10d,breast_cancer_x_muscle,GSE153830_GSE156248,0.0,binary,tissue_similarity,"1 if same tissue/cell-line, 0 if different tissue"
pair_0097,gse153830_t47d_bhb25mm,gse156247_muscle_exercise12w,breast_cancer_x_muscle,GSE153830_GSE156247,0.0,binary,tissue_similarity,"1 if same tissue/cell-line, 0 if different tissue"
pair_0098,gse153830_t47d_bhb25mm,gse12474_muscle_heat_sheet10w,breast_cancer_x_muscle,GSE153830_GSE12474,0.0,binary,tissue_similarity,"1 if same tissue/cell-line, 0 if different tissue"
pair_0099,gse153830_t47d_bhb25mm,gse90763_pbmc_sauna_15min_after,breast_cancer_x_blood,GSE153830_GSE90763,0.0,binary,tissue_similarity,"1 if same tissue/cell-line, 0 if different tissue"
pair_0100,gse153830_t47d_bhb25mm,gse129843_muscle_trf8h_vs_15h,breast_cancer_x_muscle,GSE153830_GSE129843,0.0,binary,tissue_similarity,"1 if same tissue/cell-line, 0 if different tissue"
pair_0101,gse153830_t47d_bhb25mm,gse168705_adipose_tre10h_8w,breast_cancer_x_adipose,GSE153830_GSE168705,0.0,binary,tissue_similarity,"1 if same tissue/cell-line, 0 if different tissue"
pair_0102,gse153830_t47d_bhb25mm,gse3606_wbc_exhaustive_1h,breast_cancer_x_blood,GSE153830_GSE3606,0.0,binary,tissue_similarity,"1 if same tissue/cell-line, 0 if different tissue"
pair_0103,gse153830_t47d_bhb25mm,gse3606_wbc_moderate_1h,breast_cancer_x_blood,GSE153830_GSE3606,0.0,binary,tissue_similarity,"1 if same tissue/cell-line, 0 if different tissue"
pair_0104,gse153830_t47d_bhb25mm,gse252357_muscle_resistance_3h,breast_cancer_x_muscle,GSE153830_GSE252357,0.0,binary,tissue_similarity,"1 if same tissue/cell-line, 0 if different tissue"
pair_0105,gse153830_t47d_bhb25mm,gse252357_muscle_resistance_24h,breast_cancer_x_muscle,GSE153830_GSE252357,0.0,binary,tissue_similarity,"1 if same tissue/cell-line, 0 if different tissue"
pair_0106,gse153830_t47d_bhb25mm,gse28016_muscle_fast40h_vs_fed,breast_cancer_x_muscle,GSE153830_GSE28016,0.0,binary,tissue_similarity,"1 if same tissue/cell-line, 0 if different tissue"
pair_0107,gse153830_t47d_bhb25mm,gse111551_muscle_running18w,breast_cancer_x_muscle,GSE153830_GSE111551,0.0,binary,tissue_similarity,"1 if same tissue/cell-line, 0 if different tissue"
pair_0108,gse153830_t47d_bhb25mm,gse111552_pbmc_running18w,breast_cancer_x_blood,GSE153830_GSE111552,0.0,binary,tissue_similarity,"1 if same tissue/cell-line, 0 if different tissue"
pair_0109,gse153830_t47d_bhb25mm,gse82323_muscle_heat,breast_cancer_x_muscle,GSE153830_GSE82323,0.0,binary,tissue_similarity,"1 if same tissue/cell-line, 0 if different tissue"
pair_0110,gse153830_t47d_bhb25mm,gse82323_soleus_contraction,breast_cancer_x_muscle,GSE153830_GSE82323,0.0,binary,tissue_similarity,"1 if same tissue/cell-line, 0 if different tissue"
pair_0111,gse153830_t47d_bhb25mm,gse82323_soleus_vibration,breast_cancer_x_muscle,GSE153830_GSE82323,0.0,binary,tissue_similarity,"1 if same tissue/cell-line, 0 if different tissue"
pair_0112,gse153830_t47d_bhb25mm,gse85620_cwi_post_vs_pre,breast_cancer_x_muscle,GSE153830_GSE85620,0.0,binary,tissue_similarity,"1 if same tissue/cell-line, 0 if different tissue"
pair_0113,gse153830_t47d_bhb25mm,gse85620_placebo_post_vs_pre,breast_cancer_x_muscle,GSE153830_GSE85620,0.0,binary,tissue_similarity,"1 if same tissue/cell-line, 0 if different tissue"
pair_0114,gse300765_u87_hypoxia1pct48h,gse300765_u87_acidosis_ph64_48h,brain_cancer_x_brain_cancer,GSE300765_GSE300765,1.0,binary,tissue_similarity,"1 if same tissue/cell-line, 0 if different tissue"
pair_0115,gse300765_u87_hypoxia1pct48h,gse300765_u87_acidosis_ph64_10wk,brain_cancer_x_brain_cancer,GSE300765_GSE300765,1.0,binary,tissue_similarity,"1 if same tissue/cell-line, 0 if different tissue"
pair_0116,gse300765_u87_hypoxia1pct48h,gse70976_lovo_serumfree96h,brain_cancer_x_colon,GSE300765_GSE70976,0.0,binary,tissue_similarity,"1 if same tissue/cell-line, 0 if different tissue"
pair_0117,gse300765_u87_hypoxia1pct48h,gse48398_mcf7_heat45c30min,brain_cancer_x_breast_cancer,GSE300765_GSE48398,0.0,binary,tissue_similarity,"1 if same tissue/cell-line, 0 if different tissue"
pair_0118,gse300765_u87_hypoxia1pct48h,gse48398_mda231_heat45c30min,brain_cancer_x_breast_cancer,GSE300765_GSE48398,0.0,binary,tissue_similarity,"1 if same tissue/cell-line, 0 if different tissue"
pair_0119,gse300765_u87_hypoxia1pct48h,gse48398_mda468_heat45c30min,brain_cancer_x_breast_cancer,GSE300765_GSE48398,0.0,binary,tissue_similarity,"1 if same tissue/cell-line, 0 if different tissue"
pair_0120,gse300765_u87_hypoxia1pct48h,gse10043_u937_mildhyperthermia41c30min,brain_cancer_x_blood,GSE300765_GSE10043,0.0,binary,tissue_similarity,"1 if same tissue/cell-line, 0 if different tissue"
pair_0121,gse300765_u87_hypoxia1pct48h,gse55924_muscle_fast24h_vs_1p5h,brain_cancer_x_muscle,GSE300765_GSE55924,0.0,binary,tissue_similarity,"1 if same tissue/cell-line, 0 if different tissue"
pair_0122,gse300765_u87_hypoxia1pct48h,gse156248_muscle_cold10d,brain_cancer_x_muscle,GSE300765_GSE156248,0.0,binary,tissue_similarity,"1 if same tissue/cell-line, 0 if different tissue"
pair_0123,gse300765_u87_hypoxia1pct48h,gse156247_muscle_exercise12w,brain_cancer_x_muscle,GSE300765_GSE156247,0.0,binary,tissue_similarity,"1 if same tissue/cell-line, 0 if different tissue"
pair_0124,gse300765_u87_hypoxia1pct48h,gse12474_muscle_heat_sheet10w,brain_cancer_x_muscle,GSE300765_GSE12474,0.0,binary,tissue_similarity,"1 if same tissue/cell-line, 0 if different tissue"
pair_0125,gse300765_u87_hypoxia1pct48h,gse90763_pbmc_sauna_15min_after,brain_cancer_x_blood,GSE300765_GSE90763,0.0,binary,tissue_similarity,"1 if same tissue/cell-line, 0 if different tissue"
pair_0126,gse300765_u87_hypoxia1pct48h,gse129843_muscle_trf8h_vs_15h,brain_cancer_x_muscle,GSE300765_GSE129843,0.0,binary,tissue_similarity,"1 if same tissue/cell-line, 0 if different tissue"
pair_0127,gse300765_u87_hypoxia1pct48h,gse168705_adipose_tre10h_8w,brain_cancer_x_adipose,GSE300765_GSE168705,0.0,binary,tissue_similarity,"1 if same tissue/cell-line, 0 if different tissue"
pair_0128,gse300765_u87_hypoxia1pct48h,gse3606_wbc_exhaustive_1h,brain_cancer_x_blood,GSE300765_GSE3606,0.0,binary,tissue_similarity,"1 if same tissue/cell-line, 0 if different tissue"
pair_0129,gse300765_u87_hypoxia1pct48h,gse3606_wbc_moderate_1h,brain_cancer_x_blood,GSE300765_GSE3606,0.0,binary,tissue_similarity,"1 if same tissue/cell-line, 0 if different tissue"
pair_0130,gse300765_u87_hypoxia1pct48h,gse252357_muscle_resistance_3h,brain_cancer_x_muscle,GSE300765_GSE252357,0.0,binary,tissue_similarity,"1 if same tissue/cell-line, 0 if different tissue"
pair_0131,gse300765_u87_hypoxia1pct48h,gse252357_muscle_resistance_24h,brain_cancer_x_muscle,GSE300765_GSE252357,0.0,binary,tissue_similarity,"1 if same tissue/cell-line, 0 if different tissue"
pair_0132,gse300765_u87_hypoxia1pct48h,gse28016_muscle_fast40h_vs_fed,brain_cancer_x_muscle,GSE300765_GSE28016,0.0,binary,tissue_similarity,"1 if same tissue/cell-line, 0 if different tissue"
pair_0133,gse300765_u87_hypoxia1pct48h,gse111551_muscle_running18w,brain_cancer_x_muscle,GSE300765_GSE111551,0.0,binary,tissue_similarity,"1 if same tissue/cell-line, 0 if different tissue"
pair_0134,gse300765_u87_hypoxia1pct48h,gse111552_pbmc_running18w,brain_cancer_x_blood,GSE300765_GSE111552,0.0,binary,tissue_similarity,"1 if same tissue/cell-line, 0 if different tissue"
pair_0135,gse300765_u87_hypoxia1pct48h,gse82323_muscle_heat,brain_cancer_x_muscle,GSE300765_GSE82323,0.0,binary,tissue_similarity,"1 if same tissue/cell-line, 0 if different tissue"
pair_0136,gse300765_u87_hypoxia1pct48h,gse82323_soleus_contraction,brain_cancer_x_muscle,GSE300765_GSE82323,0.0,binary,tissue_similarity,"1 if same tissue/cell-line, 0 if different tissue"
pair_0137,gse300765_u87_hypoxia1pct48h,gse82323_soleus_vibration,brain_cancer_x_muscle,GSE300765_GSE82323,0.0,binary,tissue_similarity,"1 if same tissue/cell-line, 0 if different tissue"
pair_0138,gse300765_u87_hypoxia1pct48h,gse85620_cwi_post_vs_pre,brain_cancer_x_muscle,GSE300765_GSE85620,0.0,binary,tissue_similarity,"1 if same tissue/cell-line, 0 if different tissue"
pair_0139,gse300765_u87_hypoxia1pct48h,gse85620_placebo_post_vs_pre,brain_cancer_x_muscle,GSE300765_GSE85620,0.0,binary,tissue_similarity,"1 if same tissue/cell-line, 0 if different tissue"
pair_0140,gse300765_u87_acidosis_ph64_48h,gse300765_u87_acidosis_ph64_10wk,brain_cancer_x_brain_cancer,GSE300765_GSE300765,1.0,binary,tissue_similarity,"1 if same tissue/cell-line, 0 if different tissue"
pair_0141,gse300765_u87_acidosis_ph64_48h,gse70976_lovo_serumfree96h,brain_cancer_x_colon,GSE300765_GSE70976,0.0,binary,tissue_similarity,"1 if same tissue/cell-line, 0 if different tissue"
pair_0142,gse300765_u87_acidosis_ph64_48h,gse48398_mcf7_heat45c30min,brain_cancer_x_breast_cancer,GSE300765_GSE48398,0.0,binary,tissue_similarity,"1 if same tissue/cell-line, 0 if different tissue"
pair_0143,gse300765_u87_acidosis_ph64_48h,gse48398_mda231_heat45c30min,brain_cancer_x_breast_cancer,GSE300765_GSE48398,0.0,binary,tissue_similarity,"1 if same tissue/cell-line, 0 if different tissue"
pair_0144,gse300765_u87_acidosis_ph64_48h,gse48398_mda468_heat45c30min,brain_cancer_x_breast_cancer,GSE300765_GSE48398,0.0,binary,tissue_similarity,"1 if same tissue/cell-line, 0 if different tissue"
pair_0145,gse300765_u87_acidosis_ph64_48h,gse10043_u937_mildhyperthermia41c30min,brain_cancer_x_blood,GSE300765_GSE10043,0.0,binary,tissue_similarity,"1 if same tissue/cell-line, 0 if different tissue"
pair_0146,gse300765_u87_acidosis_ph64_48h,gse55924_muscle_fast24h_vs_1p5h,brain_cancer_x_muscle,GSE300765_GSE55924,0.0,binary,tissue_similarity,"1 if same tissue/cell-line, 0 if different tissue"
pair_0147,gse300765_u87_acidosis_ph64_48h,gse156248_muscle_cold10d,brain_cancer_x_muscle,GSE300765_GSE156248,0.0,binary,tissue_similarity,"1 if same tissue/cell-line, 0 if different tissue"
pair_0148,gse300765_u87_acidosis_ph64_48h,gse156247_muscle_exercise12w,brain_cancer_x_muscle,GSE300765_GSE156247,0.0,binary,tissue_similarity,"1 if same tissue/cell-line, 0 if different tissue"
pair_0149,gse300765_u87_acidosis_ph64_48h,gse12474_muscle_heat_sheet10w,brain_cancer_x_muscle,GSE300765_GSE12474,0.0,binary,tissue_similarity,"1 if same tissue/cell-line, 0 if different tissue"
pair_0150,gse300765_u87_acidosis_ph64_48h,gse90763_pbmc_sauna_15min_after,brain_cancer_x_blood,GSE300765_GSE90763,0.0,binary,tissue_similarity,"1 if same tissue/cell-line, 0 if different tissue"
pair_0151,gse300765_u87_acidosis_ph64_48h,gse129843_muscle_trf8h_vs_15h,brain_cancer_x_muscle,GSE300765_GSE129843,0.0,binary,tissue_similarity,"1 if same tissue/cell-line, 0 if different tissue"
pair_0152,gse300765_u87_acidosis_ph64_48h,gse168705_adipose_tre10h_8w,brain_cancer_x_adipose,GSE300765_GSE168705,0.0,binary,tissue_similarity,"1 if same tissue/cell-line, 0 if different tissue"
pair_0153,gse300765_u87_acidosis_ph64_48h,gse3606_wbc_exhaustive_1h,brain_cancer_x_blood,GSE300765_GSE3606,0.0,binary,tissue_similarity,"1 if same tissue/cell-line, 0 if different tissue"
pair_0154,gse300765_u87_acidosis_ph64_48h,gse3606_wbc_moderate_1h,brain_cancer_x_blood,GSE300765_GSE3606,0.0,binary,tissue_similarity,"1 if same tissue/cell-line, 0 if different tissue"
pair_0155,gse300765_u87_acidosis_ph64_48h,gse252357_muscle_resistance_3h,brain_cancer_x_muscle,GSE300765_GSE252357,0.0,binary,tissue_similarity,"1 if same tissue/cell-line, 0 if different tissue"
pair_0156,gse300765_u87_acidosis_ph64_48h,gse252357_muscle_resistance_24h,brain_cancer_x_muscle,GSE300765_GSE252357,0.0,binary,tissue_similarity,"1 if same tissue/cell-line, 0 if different tissue"
pair_0157,gse300765_u87_acidosis_ph64_48h,gse28016_muscle_fast40h_vs_fed,brain_cancer_x_muscle,GSE300765_GSE28016,0.0,binary,tissue_similarity,"1 if same tissue/cell-line, 0 if different tissue"
pair_0158,gse300765_u87_acidosis_ph64_48h,gse111551_muscle_running18w,brain_cancer_x_muscle,GSE300765_GSE111551,0.0,binary,tissue_similarity,"1 if same tissue/cell-line, 0 if different tissue"
pair_0159,gse300765_u87_acidosis_ph64_48h,gse111552_pbmc_running18w,brain_cancer_x_blood,GSE300765_GSE111552,0.0,binary,tissue_similarity,"1 if same tissue/cell-line, 0 if different tissue"
pair_0160,gse300765_u87_acidosis_ph64_48h,gse82323_muscle_heat,brain_cancer_x_muscle,GSE300765_GSE82323,0.0,binary,tissue_similarity,"1 if same tissue/cell-line, 0 if different tissue"
pair_0161,gse300765_u87_acidosis_ph64_48h,gse82323_soleus_contraction,brain_cancer_x_muscle,GSE300765_GSE82323,0.0,binary,tissue_similarity,"1 if same tissue/cell-line, 0 if different tissue"
pair_0162,gse300765_u87_acidosis_ph64_48h,gse82323_soleus_vibration,brain_cancer_x_muscle,GSE300765_GSE82323,0.0,binary,tissue_similarity,"1 if same tissue/cell-line, 0 if different tissue"
pair_0163,gse300765_u87_acidosis_ph64_48h,gse85620_cwi_post_vs_pre,brain_cancer_x_muscle,GSE300765_GSE85620,0.0,binary,tissue_similarity,"1 if same tissue/cell-line, 0 if different tissue"
pair_0164,gse300765_u87_acidosis_ph64_48h,gse85620_placebo_post_vs_pre,brain_cancer_x_muscle,GSE300765_GSE85620,0.0,binary,tissue_similarity,"1 if same tissue/cell-line, 0 if different tissue"
pair_0165,gse300765_u87_acidosis_ph64_10wk,gse70976_lovo_serumfree96h,brain_cancer_x_colon,GSE300765_GSE70976,0.0,binary,tissue_similarity,"1 if same tissue/cell-line, 0 if different tissue"
pair_0166,gse300765_u87_acidosis_ph64_10wk,gse48398_mcf7_heat45c30min,brain_cancer_x_breast_cancer,GSE300765_GSE48398,0.0,binary,tissue_similarity,"1 if same tissue/cell-line, 0 if different tissue"
pair_0167,gse300765_u87_acidosis_ph64_10wk,gse48398_mda231_heat45c30min,brain_cancer_x_breast_cancer,GSE300765_GSE48398,0.0,binary,tissue_similarity,"1 if same tissue/cell-line, 0 if different tissue"
pair_0168,gse300765_u87_acidosis_ph64_10wk,gse48398_mda468_heat45c30min,brain_cancer_x_breast_cancer,GSE300765_GSE48398,0.0,binary,tissue_similarity,"1 if same tissue/cell-line, 0 if different tissue"
pair_0169,gse300765_u87_acidosis_ph64_10wk,gse10043_u937_mildhyperthermia41c30min,brain_cancer_x_blood,GSE300765_GSE10043,0.0,binary,tissue_similarity,"1 if same tissue/cell-line, 0 if different tissue"
pair_0170,gse300765_u87_acidosis_ph64_10wk,gse55924_muscle_fast24h_vs_1p5h,brain_cancer_x_muscle,GSE300765_GSE55924,0.0,binary,tissue_similarity,"1 if same tissue/cell-line, 0 if different tissue"
pair_0171,gse300765_u87_acidosis_ph64_10wk,gse156248_muscle_cold10d,brain_cancer_x_muscle,GSE300765_GSE156248,0.0,binary,tissue_similarity,"1 if same tissue/cell-line, 0 if different tissue"
pair_0172,gse300765_u87_acidosis_ph64_10wk,gse156247_muscle_exercise12w,brain_cancer_x_muscle,GSE300765_GSE156247,0.0,binary,tissue_similarity,"1 if same tissue/cell-line, 0 if different tissue"
pair_0173,gse300765_u87_acidosis_ph64_10wk,gse12474_muscle_heat_sheet10w,brain_cancer_x_muscle,GSE300765_GSE12474,0.0,binary,tissue_similarity,"1 if same tissue/cell-line, 0 if different tissue"
pair_0174,gse300765_u87_acidosis_ph64_10wk,gse90763_pbmc_sauna_15min_after,brain_cancer_x_blood,GSE300765_GSE90763,0.0,binary,tissue_similarity,"1 if same tissue/cell-line, 0 if different tissue"
pair_0175,gse300765_u87_acidosis_ph64_10wk,gse129843_muscle_trf8h_vs_15h,brain_cancer_x_muscle,GSE300765_GSE129843,0.0,binary,tissue_similarity,"1 if same tissue/cell-line, 0 if different tissue"
pair_0176,gse300765_u87_acidosis_ph64_10wk,gse168705_adipose_tre10h_8w,brain_cancer_x_adipose,GSE300765_GSE168705,0.0,binary,tissue_similarity,"1 if same tissue/cell-line, 0 if different tissue"
pair_0177,gse300765_u87_acidosis_ph64_10wk,gse3606_wbc_exhaustive_1h,brain_cancer_x_blood,GSE300765_GSE3606,0.0,binary,tissue_similarity,"1 if same tissue/cell-line, 0 if different tissue"
pair_0178,gse300765_u87_acidosis_ph64_10wk,gse3606_wbc_moderate_1h,brain_cancer_x_blood,GSE300765_GSE3606,0.0,binary,tissue_similarity,"1 if same tissue/cell-line, 0 if different tissue"
pair_0179,gse300765_u87_acidosis_ph64_10wk,gse252357_muscle_resistance_3h,brain_cancer_x_muscle,GSE300765_GSE252357,0.0,binary,tissue_similarity,"1 if same tissue/cell-line, 0 if different tissue"
pair_0180,gse300765_u87_acidosis_ph64_10wk,gse252357_muscle_resistance_24h,brain_cancer_x_muscle,GSE300765_GSE252357,0.0,binary,tissue_similarity,"1 if same tissue/cell-line, 0 if different tissue"
pair_0181,gse300765_u87_acidosis_ph64_10wk,gse28016_muscle_fast40h_vs_fed,brain_cancer_x_muscle,GSE300765_GSE28016,0.0,binary,tissue_similarity,"1 if same tissue/cell-line, 0 if different tissue"
pair_0182,gse300765_u87_acidosis_ph64_10wk,gse111551_muscle_running18w,brain_cancer_x_muscle,GSE300765_GSE111551,0.0,binary,tissue_similarity,"1 if same tissue/cell-line, 0 if different tissue"
pair_0183,gse300765_u87_acidosis_ph64_10wk,gse111552_pbmc_running18w,brain_cancer_x_blood,GSE300765_GSE111552,0.0,binary,tissue_similarity,"1 if same tissue/cell-line, 0 if different tissue"
pair_0184,gse300765_u87_acidosis_ph64_10wk,gse82323_muscle_heat,brain_cancer_x_muscle,GSE300765_GSE82323,0.0,binary,tissue_similarity,"1 if same tissue/cell-line, 0 if different tissue"
pair_0185,gse300765_u87_acidosis_ph64_10wk,gse82323_soleus_contraction,brain_cancer_x_muscle,GSE300765_GSE82323,0.0,binary,tissue_similarity,"1 if same tissue/cell-line, 0 if different tissue"
pair_0186,gse300765_u87_acidosis_ph64_10wk,gse82323_soleus_vibration,brain_cancer_x_muscle,GSE300765_GSE82323,0.0,binary,tissue_similarity,"1 if same tissue/cell-line, 0 if different tissue"
pair_0187,gse300765_u87_acidosis_ph64_10wk,gse85620_cwi_post_vs_pre,brain_cancer_x_muscle,GSE300765_GSE85620,0.0,binary,tissue_similarity,"1 if same tissue/cell-line, 0 if different tissue"
pair_0188,gse300765_u87_acidosis_ph64_10wk,gse85620_placebo_post_vs_pre,brain_cancer_x_muscle,GSE300765_GSE85620,0.0,binary,tissue_similarity,"1 if same tissue/cell-line, 0 if different tissue"
pair_0189,gse70976_lovo_serumfree96h,gse48398_mcf7_heat45c30min,colon_x_breast_cancer,GSE70976_GSE48398,0.0,binary,tissue_similarity,"1 if same tissue/cell-line, 0 if different tissue"
pair_0190,gse70976_lovo_serumfree96h,gse48398_mda231_heat45c30min,colon_x_breast_cancer,GSE70976_GSE48398,0.0,binary,tissue_similarity,"1 if same tissue/cell-line, 0 if different tissue"
pair_0191,gse70976_lovo_serumfree96h,gse48398_mda468_heat45c30min,colon_x_breast_cancer,GSE70976_GSE48398,0.0,binary,tissue_similarity,"1 if same tissue/cell-line, 0 if different tissue"
pair_0192,gse70976_lovo_serumfree96h,gse10043_u937_mildhyperthermia41c30min,colon_x_blood,GSE70976_GSE10043,0.0,binary,tissue_similarity,"1 if same tissue/cell-line, 0 if different tissue"
pair_0193,gse70976_lovo_serumfree96h,gse55924_muscle_fast24h_vs_1p5h,colon_x_muscle,GSE70976_GSE55924,0.0,binary,tissue_similarity,"1 if same tissue/cell-line, 0 if different tissue"
pair_0194,gse70976_lovo_serumfree96h,gse156248_muscle_cold10d,colon_x_muscle,GSE70976_GSE156248,0.0,binary,tissue_similarity,"1 if same tissue/cell-line, 0 if different tissue"
pair_0195,gse70976_lovo_serumfree96h,gse156247_muscle_exercise12w,colon_x_muscle,GSE70976_GSE156247,0.0,binary,tissue_similarity,"1 if same tissue/cell-line, 0 if different tissue"
pair_0196,gse70976_lovo_serumfree96h,gse12474_muscle_heat_sheet10w,colon_x_muscle,GSE70976_GSE12474,0.0,binary,tissue_similarity,"1 if same tissue/cell-line, 0 if different tissue"
pair_0197,gse70976_lovo_serumfree96h,gse90763_pbmc_sauna_15min_after,colon_x_blood,GSE70976_GSE90763,0.0,binary,tissue_similarity,"1 if same tissue/cell-line, 0 if different tissue"
pair_0198,gse70976_lovo_serumfree96h,gse129843_muscle_trf8h_vs_15h,colon_x_muscle,GSE70976_GSE129843,0.0,binary,tissue_similarity,"1 if same tissue/cell-line, 0 if different tissue"
pair_0199,gse70976_lovo_serumfree96h,gse168705_adipose_tre10h_8w,colon_x_adipose,GSE70976_GSE168705,0.0,binary,tissue_similarity,"1 if same tissue/cell-line, 0 if different tissue"
pair_0200,gse70976_lovo_serumfree96h,gse3606_wbc_exhaustive_1h,colon_x_blood,GSE70976_GSE3606,0.0,binary,tissue_similarity,"1 if same tissue/cell-line, 0 if different tissue"
pair_0201,gse70976_lovo_serumfree96h,gse3606_wbc_moderate_1h,colon_x_blood,GSE70976_GSE3606,0.0,binary,tissue_similarity,"1 if same tissue/cell-line, 0 if different tissue"
pair_0202,gse70976_lovo_serumfree96h,gse252357_muscle_resistance_3h,colon_x_muscle,GSE70976_GSE252357,0.0,binary,tissue_similarity,"1 if same tissue/cell-line, 0 if different tissue"
pair_0203,gse70976_lovo_serumfree96h,gse252357_muscle_resistance_24h,colon_x_muscle,GSE70976_GSE252357,0.0,binary,tissue_similarity,"1 if same tissue/cell-line, 0 if different tissue"
pair_0204,gse70976_lovo_serumfree96h,gse28016_muscle_fast40h_vs_fed,colon_x_muscle,GSE70976_GSE28016,0.0,binary,tissue_similarity,"1 if same tissue/cell-line, 0 if different tissue"
pair_0205,gse70976_lovo_serumfree96h,gse111551_muscle_running18w,colon_x_muscle,GSE70976_GSE111551,0.0,binary,tissue_similarity,"1 if same tissue/cell-line, 0 if different tissue"
pair_0206,gse70976_lovo_serumfree96h,gse111552_pbmc_running18w,colon_x_blood,GSE70976_GSE111552,0.0,binary,tissue_similarity,"1 if same tissue/cell-line, 0 if different tissue"
pair_0207,gse70976_lovo_serumfree96h,gse82323_muscle_heat,colon_x_muscle,GSE70976_GSE82323,0.0,binary,tissue_similarity,"1 if same tissue/cell-line, 0 if different tissue"
pair_0208,gse70976_lovo_serumfree96h,gse82323_soleus_contraction,colon_x_muscle,GSE70976_GSE82323,0.0,binary,tissue_similarity,"1 if same tissue/cell-line, 0 if different tissue"
pair_0209,gse70976_lovo_serumfree96h,gse82323_soleus_vibration,colon_x_muscle,GSE70976_GSE82323,0.0,binary,tissue_similarity,"1 if same tissue/cell-line, 0 if different tissue"
pair_0210,gse70976_lovo_serumfree96h,gse85620_cwi_post_vs_pre,colon_x_muscle,GSE70976_GSE85620,0.0,binary,tissue_similarity,"1 if same tissue/cell-line, 0 if different tissue"
pair_0211,gse70976_lovo_serumfree96h,gse85620_placebo_post_vs_pre,colon_x_muscle,GSE70976_GSE85620,0.0,binary,tissue_similarity,"1 if same tissue/cell-line, 0 if different tissue"
pair_0212,gse48398_mcf7_heat45c30min,gse48398_mda231_heat45c30min,breast_cancer_x_breast_cancer,GSE48398_GSE48398,1.0,binary,tissue_similarity,"1 if same tissue/cell-line, 0 if different tissue"
pair_0213,gse48398_mcf7_heat45c30min,gse48398_mda468_heat45c30min,breast_cancer_x_breast_cancer,GSE48398_GSE48398,1.0,binary,tissue_similarity,"1 if same tissue/cell-line, 0 if different tissue"
pair_0214,gse48398_mcf7_heat45c30min,gse10043_u937_mildhyperthermia41c30min,breast_cancer_x_blood,GSE48398_GSE10043,0.0,binary,tissue_similarity,"1 if same tissue/cell-line, 0 if different tissue"
pair_0215,gse48398_mcf7_heat45c30min,gse55924_muscle_fast24h_vs_1p5h,breast_cancer_x_muscle,GSE48398_GSE55924,0.0,binary,tissue_similarity,"1 if same tissue/cell-line, 0 if different tissue"
pair_0216,gse48398_mcf7_heat45c30min,gse156248_muscle_cold10d,breast_cancer_x_muscle,GSE48398_GSE156248,0.0,binary,tissue_similarity,"1 if same tissue/cell-line, 0 if different tissue"
pair_0217,gse48398_mcf7_heat45c30min,gse156247_muscle_exercise12w,breast_cancer_x_muscle,GSE48398_GSE156247,0.0,binary,tissue_similarity,"1 if same tissue/cell-line, 0 if different tissue"
pair_0218,gse48398_mcf7_heat45c30min,gse12474_muscle_heat_sheet10w,breast_cancer_x_muscle,GSE48398_GSE12474,0.0,binary,tissue_similarity,"1 if same tissue/cell-line, 0 if different tissue"
pair_0219,gse48398_mcf7_heat45c30min,gse90763_pbmc_sauna_15min_after,breast_cancer_x_blood,GSE48398_GSE90763,0.0,binary,tissue_similarity,"1 if same tissue/cell-line, 0 if different tissue"
pair_0220,gse48398_mcf7_heat45c30min,gse129843_muscle_trf8h_vs_15h,breast_cancer_x_muscle,GSE48398_GSE129843,0.0,binary,tissue_similarity,"1 if same tissue/cell-line, 0 if different tissue"
pair_0221,gse48398_mcf7_heat45c30min,gse168705_adipose_tre10h_8w,breast_cancer_x_adipose,GSE48398_GSE168705,0.0,binary,tissue_similarity,"1 if same tissue/cell-line, 0 if different tissue"
pair_0222,gse48398_mcf7_heat45c30min,gse3606_wbc_exhaustive_1h,breast_cancer_x_blood,GSE48398_GSE3606,0.0,binary,tissue_similarity,"1 if same tissue/cell-line, 0 if different tissue"
pair_0223,gse48398_mcf7_heat45c30min,gse3606_wbc_moderate_1h,breast_cancer_x_blood,GSE48398_GSE3606,0.0,binary,tissue_similarity,"1 if same tissue/cell-line, 0 if different tissue"
pair_0224,gse48398_mcf7_heat45c30min,gse252357_muscle_resistance_3h,breast_cancer_x_muscle,GSE48398_GSE252357,0.0,binary,tissue_similarity,"1 if same tissue/cell-line, 0 if different tissue"
pair_0225,gse48398_mcf7_heat45c30min,gse252357_muscle_resistance_24h,breast_cancer_x_muscle,GSE48398_GSE252357,0.0,binary,tissue_similarity,"1 if same tissue/cell-line, 0 if different tissue"
pair_0226,gse48398_mcf7_heat45c30min,gse28016_muscle_fast40h_vs_fed,breast_cancer_x_muscle,GSE48398_GSE28016,0.0,binary,tissue_similarity,"1 if same tissue/cell-line, 0 if different tissue"
pair_0227,gse48398_mcf7_heat45c30min,gse111551_muscle_running18w,breast_cancer_x_muscle,GSE48398_GSE111551,0.0,binary,tissue_similarity,"1 if same tissue/cell-line, 0 if different tissue"
pair_0228,gse48398_mcf7_heat45c30min,gse111552_pbmc_running18w,breast_cancer_x_blood,GSE48398_GSE111552,0.0,binary,tissue_similarity,"1 if same tissue/cell-line, 0 if different tissue"
pair_0229,gse48398_mcf7_heat45c30min,gse82323_muscle_heat,breast_cancer_x_muscle,GSE48398_GSE82323,0.0,binary,tissue_similarity,"1 if same tissue/cell-line, 0 if different tissue"
pair_0230,gse48398_mcf7_heat45c30min,gse82323_soleus_contraction,breast_cancer_x_muscle,GSE48398_GSE82323,0.0,binary,tissue_similarity,"1 if same tissue/cell-line, 0 if different tissue"
pair_0231,gse48398_mcf7_heat45c30min,gse82323_soleus_vibration,breast_cancer_x_muscle,GSE48398_GSE82323,0.0,binary,tissue_similarity,"1 if same tissue/cell-line, 0 if different tissue"
pair_0232,gse48398_mcf7_heat45c30min,gse85620_cwi_post_vs_pre,breast_cancer_x_muscle,GSE48398_GSE85620,0.0,binary,tissue_similarity,"1 if same tissue/cell-line, 0 if different tissue"
pair_0233,gse48398_mcf7_heat45c30min,gse85620_placebo_post_vs_pre,breast_cancer_x_muscle,GSE48398_GSE85620,0.0,binary,tissue_similarity,"1 if same tissue/cell-line, 0 if different tissue"
pair_0234,gse48398_mda231_heat45c30min,gse48398_mda468_heat45c30min,breast_cancer_x_breast_cancer,GSE48398_GSE48398,1.0,binary,tissue_similarity,"1 if same tissue/cell-line, 0 if different tissue"
pair_0235,gse48398_mda231_heat45c30min,gse10043_u937_mildhyperthermia41c30min,breast_cancer_x_blood,GSE48398_GSE10043,0.0,binary,tissue_similarity,"1 if same tissue/cell-line, 0 if different tissue"
pair_0236,gse48398_mda231_heat45c30min,gse55924_muscle_fast24h_vs_1p5h,breast_cancer_x_muscle,GSE48398_GSE55924,0.0,binary,tissue_similarity,"1 if same tissue/cell-line, 0 if different tissue"
pair_0237,gse48398_mda231_heat45c30min,gse156248_muscle_cold10d,breast_cancer_x_muscle,GSE48398_GSE156248,0.0,binary,tissue_similarity,"1 if same tissue/cell-line, 0 if different tissue"
pair_0238,gse48398_mda231_heat45c30min,gse156247_muscle_exercise12w,breast_cancer_x_muscle,GSE48398_GSE156247,0.0,binary,tissue_similarity,"1 if same tissue/cell-line, 0 if different tissue"
pair_0239,gse48398_mda231_heat45c30min,gse12474_muscle_heat_sheet10w,breast_cancer_x_muscle,GSE48398_GSE12474,0.0,binary,tissue_similarity,"1 if same tissue/cell-line, 0 if different tissue"
pair_0240,gse48398_mda231_heat45c30min,gse90763_pbmc_sauna_15min_after,breast_cancer_x_blood,GSE48398_GSE90763,0.0,binary,tissue_similarity,"1 if same tissue/cell-line, 0 if different tissue"
pair_0241,gse48398_mda231_heat45c30min,gse129843_muscle_trf8h_vs_15h,breast_cancer_x_muscle,GSE48398_GSE129843,0.0,binary,tissue_similarity,"1 if same tissue/cell-line, 0 if different tissue"
pair_0242,gse48398_mda231_heat45c30min,gse168705_adipose_tre10h_8w,breast_cancer_x_adipose,GSE48398_GSE168705,0.0,binary,tissue_similarity,"1 if same tissue/cell-line, 0 if different tissue"
pair_0243,gse48398_mda231_heat45c30min,gse3606_wbc_exhaustive_1h,breast_cancer_x_blood,GSE48398_GSE3606,0.0,binary,tissue_similarity,"1 if same tissue/cell-line, 0 if different tissue"
pair_0244,gse48398_mda231_heat45c30min,gse3606_wbc_moderate_1h,breast_cancer_x_blood,GSE48398_GSE3606,0.0,binary,tissue_similarity,"1 if same tissue/cell-line, 0 if different tissue"
pair_0245,gse48398_mda231_heat45c30min,gse252357_muscle_resistance_3h,breast_cancer_x_muscle,GSE48398_GSE252357,0.0,binary,tissue_similarity,"1 if same tissue/cell-line, 0 if different tissue"
pair_0246,gse48398_mda231_heat45c30min,gse252357_muscle_resistance_24h,breast_cancer_x_muscle,GSE48398_GSE252357,0.0,binary,tissue_similarity,"1 if same tissue/cell-line, 0 if different tissue"
pair_0247,gse48398_mda231_heat45c30min,gse28016_muscle_fast40h_vs_fed,breast_cancer_x_muscle,GSE48398_GSE28016,0.0,binary,tissue_similarity,"1 if same tissue/cell-line, 0 if different tissue"
pair_0248,gse48398_mda231_heat45c30min,gse111551_muscle_running18w,breast_cancer_x_muscle,GSE48398_GSE111551,0.0,binary,tissue_similarity,"1 if same tissue/cell-line, 0 if different tissue"
pair_0249,gse48398_mda231_heat45c30min,gse111552_pbmc_running18w,breast_cancer_x_blood,GSE48398_GSE111552,0.0,binary,tissue_similarity,"1 if same tissue/cell-line, 0 if different tissue"
pair_0250,gse48398_mda231_heat45c30min,gse82323_muscle_heat,breast_cancer_x_muscle,GSE48398_GSE82323,0.0,binary,tissue_similarity,"1 if same tissue/cell-line, 0 if different tissue"
pair_0251,gse48398_mda231_heat45c30min,gse82323_soleus_contraction,breast_cancer_x_muscle,GSE48398_GSE82323,0.0,binary,tissue_similarity,"1 if same tissue/cell-line, 0 if different tissue"
pair_0252,gse48398_mda231_heat45c30min,gse82323_soleus_vibration,breast_cancer_x_muscle,GSE48398_GSE82323,0.0,binary,tissue_similarity,"1 if same tissue/cell-line, 0 if different tissue"
pair_0253,gse48398_mda231_heat45c30min,gse85620_cwi_post_vs_pre,breast_cancer_x_muscle,GSE48398_GSE85620,0.0,binary,tissue_similarity,"1 if same tissue/cell-line, 0 if different tissue"
pair_0254,gse48398_mda231_heat45c30min,gse85620_placebo_post_vs_pre,breast_cancer_x_muscle,GSE48398_GSE85620,0.0,binary,tissue_similarity,"1 if same tissue/cell-line, 0 if different tissue"
pair_0255,gse48398_mda468_heat45c30min,gse10043_u937_mildhyperthermia41c30min,breast_cancer_x_blood,GSE48398_GSE10043,0.0,binary,tissue_similarity,"1 if same tissue/cell-line, 0 if different tissue"
pair_0256,gse48398_mda468_heat45c30min,gse55924_muscle_fast24h_vs_1p5h,breast_cancer_x_muscle,GSE48398_GSE55924,0.0,binary,tissue_similarity,"1 if same tissue/cell-line, 0 if different tissue"
pair_0257,gse48398_mda468_heat45c30min,gse156248_muscle_cold10d,breast_cancer_x_muscle,GSE48398_GSE156248,0.0,binary,tissue_similarity,"1 if same tissue/cell-line, 0 if different tissue"
pair_0258,gse48398_mda468_heat45c30min,gse156247_muscle_exercise12w,breast_cancer_x_muscle,GSE48398_GSE156247,0.0,binary,tissue_similarity,"1 if same tissue/cell-line, 0 if different tissue"
pair_0259,gse48398_mda468_heat45c30min,gse12474_muscle_heat_sheet10w,breast_cancer_x_muscle,GSE48398_GSE12474,0.0,binary,tissue_similarity,"1 if same tissue/cell-line, 0 if different tissue"
pair_0260,gse48398_mda468_heat45c30min,gse90763_pbmc_sauna_15min_after,breast_cancer_x_blood,GSE48398_GSE90763,0.0,binary,tissue_similarity,"1 if same tissue/cell-line, 0 if different tissue"
pair_0261,gse48398_mda468_heat45c30min,gse129843_muscle_trf8h_vs_15h,breast_cancer_x_muscle,GSE48398_GSE129843,0.0,binary,tissue_similarity,"1 if same tissue/cell-line, 0 if different tissue"
pair_0262,gse48398_mda468_heat45c30min,gse168705_adipose_tre10h_8w,breast_cancer_x_adipose,GSE48398_GSE168705,0.0,binary,tissue_similarity,"1 if same tissue/cell-line, 0 if different tissue"
pair_0263,gse48398_mda468_heat45c30min,gse3606_wbc_exhaustive_1h,breast_cancer_x_blood,GSE48398_GSE3606,0.0,binary,tissue_similarity,"1 if same tissue/cell-line, 0 if different tissue"
pair_0264,gse48398_mda468_heat45c30min,gse3606_wbc_moderate_1h,breast_cancer_x_blood,GSE48398_GSE3606,0.0,binary,tissue_similarity,"1 if same tissue/cell-line, 0 if different tissue"
pair_0265,gse48398_mda468_heat45c30min,gse252357_muscle_resistance_3h,breast_cancer_x_muscle,GSE48398_GSE252357,0.0,binary,tissue_similarity,"1 if same tissue/cell-line, 0 if different tissue"
pair_0266,gse48398_mda468_heat45c30min,gse252357_muscle_resistance_24h,breast_cancer_x_muscle,GSE48398_GSE252357,0.0,binary,tissue_similarity,"1 if same tissue/cell-line, 0 if different tissue"
pair_0267,gse48398_mda468_heat45c30min,gse28016_muscle_fast40h_vs_fed,breast_cancer_x_muscle,GSE48398_GSE28016,0.0,binary,tissue_similarity,"1 if same tissue/cell-line, 0 if different tissue"
pair_0268,gse48398_mda468_heat45c30min,gse111551_muscle_running18w,breast_cancer_x_muscle,GSE48398_GSE111551,0.0,binary,tissue_similarity,"1 if same tissue/cell-line, 0 if different tissue"
pair_0269,gse48398_mda468_heat45c30min,gse111552_pbmc_running18w,breast_cancer_x_blood,GSE48398_GSE111552,0.0,binary,tissue_similarity,"1 if same tissue/cell-line, 0 if different tissue"
pair_0270,gse48398_mda468_heat45c30min,gse82323_muscle_heat,breast_cancer_x_muscle,GSE48398_GSE82323,0.0,binary,tissue_similarity,"1 if same tissue/cell-line, 0 if different tissue"
pair_0271,gse48398_mda468_heat45c30min,gse82323_soleus_contraction,breast_cancer_x_muscle,GSE48398_GSE82323,0.0,binary,tissue_similarity,"1 if same tissue/cell-line, 0 if different tissue"
pair_0272,gse48398_mda468_heat45c30min,gse82323_soleus_vibration,breast_cancer_x_muscle,GSE48398_GSE82323,0.0,binary,tissue_similarity,"1 if same tissue/cell-line, 0 if different tissue"
pair_0273,gse48398_mda468_heat45c30min,gse85620_cwi_post_vs_pre,breast_cancer_x_muscle,GSE48398_GSE85620,0.0,binary,tissue_similarity,"1 if same tissue/cell-line, 0 if different tissue"
pair_0274,gse48398_mda468_heat45c30min,gse85620_placebo_post_vs_pre,breast_cancer_x_muscle,GSE48398_GSE85620,0.0,binary,tissue_similarity,"1 if same tissue/cell-line, 0 if different tissue"
pair_0275,gse10043_u937_mildhyperthermia41c30min,gse55924_muscle_fast24h_vs_1p5h,blood_x_muscle,GSE10043_GSE55924,0.0,binary,tissue_similarity,"1 if same tissue/cell-line, 0 if different tissue"
pair_0276,gse10043_u937_mildhyperthermia41c30min,gse156248_muscle_cold10d,blood_x_muscle,GSE10043_GSE156248,0.0,binary,tissue_similarity,"1 if same tissue/cell-line, 0 if different tissue"
pair_0277,gse10043_u937_mildhyperthermia41c30min,gse156247_muscle_exercise12w,blood_x_muscle,GSE10043_GSE156247,0.0,binary,tissue_similarity,"1 if same tissue/cell-line, 0 if different tissue"
pair_0278,gse10043_u937_mildhyperthermia41c30min,gse12474_muscle_heat_sheet10w,blood_x_muscle,GSE10043_GSE12474,0.0,binary,tissue_similarity,"1 if same tissue/cell-line, 0 if different tissue"
pair_0279,gse10043_u937_mildhyperthermia41c30min,gse90763_pbmc_sauna_15min_after,blood_x_blood,GSE10043_GSE90763,1.0,binary,tissue_similarity,"1 if same tissue/cell-line, 0 if different tissue"
pair_0280,gse10043_u937_mildhyperthermia41c30min,gse129843_muscle_trf8h_vs_15h,blood_x_muscle,GSE10043_GSE129843,0.0,binary,tissue_similarity,"1 if same tissue/cell-line, 0 if different tissue"
pair_0281,gse10043_u937_mildhyperthermia41c30min,gse168705_adipose_tre10h_8w,blood_x_adipose,GSE10043_GSE168705,0.0,binary,tissue_similarity,"1 if same tissue/cell-line, 0 if different tissue"
pair_0282,gse10043_u937_mildhyperthermia41c30min,gse3606_wbc_exhaustive_1h,blood_x_blood,GSE10043_GSE3606,1.0,binary,tissue_similarity,"1 if same tissue/cell-line, 0 if different tissue"
pair_0283,gse10043_u937_mildhyperthermia41c30min,gse3606_wbc_moderate_1h,blood_x_blood,GSE10043_GSE3606,1.0,binary,tissue_similarity,"1 if same tissue/cell-line, 0 if different tissue"
pair_0284,gse10043_u937_mildhyperthermia41c30min,gse252357_muscle_resistance_3h,blood_x_muscle,GSE10043_GSE252357,0.0,binary,tissue_similarity,"1 if same tissue/cell-line, 0 if different tissue"
pair_0285,gse10043_u937_mildhyperthermia41c30min,gse252357_muscle_resistance_24h,blood_x_muscle,GSE10043_GSE252357,0.0,binary,tissue_similarity,"1 if same tissue/cell-line, 0 if different tissue"
pair_0286,gse10043_u937_mildhyperthermia41c30min,gse28016_muscle_fast40h_vs_fed,blood_x_muscle,GSE10043_GSE28016,0.0,binary,tissue_similarity,"1 if same tissue/cell-line, 0 if different tissue"
pair_0287,gse10043_u937_mildhyperthermia41c30min,gse111551_muscle_running18w,blood_x_muscle,GSE10043_GSE111551,0.0,binary,tissue_similarity,"1 if same tissue/cell-line, 0 if different tissue"
pair_0288,gse10043_u937_mildhyperthermia41c30min,gse111552_pbmc_running18w,blood_x_blood,GSE10043_GSE111552,1.0,binary,tissue_similarity,"1 if same tissue/cell-line, 0 if different tissue"
pair_0289,gse10043_u937_mildhyperthermia41c30min,gse82323_muscle_heat,blood_x_muscle,GSE10043_GSE82323,0.0,binary,tissue_similarity,"1 if same tissue/cell-line, 0 if different tissue"
pair_0290,gse10043_u937_mildhyperthermia41c30min,gse82323_soleus_contraction,blood_x_muscle,GSE10043_GSE82323,0.0,binary,tissue_similarity,"1 if same tissue/cell-line, 0 if different tissue"
pair_0291,gse10043_u937_mildhyperthermia41c30min,gse82323_soleus_vibration,blood_x_muscle,GSE10043_GSE82323,0.0,binary,tissue_similarity,"1 if same tissue/cell-line, 0 if different tissue"
pair_0292,gse10043_u937_mildhyperthermia41c30min,gse85620_cwi_post_vs_pre,blood_x_muscle,GSE10043_GSE85620,0.0,binary,tissue_similarity,"1 if same tissue/cell-line, 0 if different tissue"
pair_0293,gse10043_u937_mildhyperthermia41c30min,gse85620_placebo_post_vs_pre,blood_x_muscle,GSE10043_GSE85620,0.0,binary,tissue_similarity,"1 if same tissue/cell-line, 0 if different tissue"
pair_0294,gse55924_muscle_fast24h_vs_1p5h,gse156248_muscle_cold10d,muscle_x_muscle,GSE55924_GSE156248,1.0,binary,tissue_similarity,"1 if same tissue/cell-line, 0 if different tissue"
pair_0295,gse55924_muscle_fast24h_vs_1p5h,gse156247_muscle_exercise12w,muscle_x_muscle,GSE55924_GSE156247,1.0,binary,tissue_similarity,"1 if same tissue/cell-line, 0 if different tissue"
pair_0296,gse55924_muscle_fast24h_vs_1p5h,gse12474_muscle_heat_sheet10w,muscle_x_muscle,GSE55924_GSE12474,1.0,binary,tissue_similarity,"1 if same tissue/cell-line, 0 if different tissue"
pair_0297,gse55924_muscle_fast24h_vs_1p5h,gse90763_pbmc_sauna_15min_after,muscle_x_blood,GSE55924_GSE90763,0.0,binary,tissue_similarity,"1 if same tissue/cell-line, 0 if different tissue"
pair_0298,gse55924_muscle_fast24h_vs_1p5h,gse129843_muscle_trf8h_vs_15h,muscle_x_muscle,GSE55924_GSE129843,1.0,binary,tissue_similarity,"1 if same tissue/cell-line, 0 if different tissue"
pair_0299,gse55924_muscle_fast24h_vs_1p5h,gse168705_adipose_tre10h_8w,muscle_x_adipose,GSE55924_GSE168705,0.0,binary,tissue_similarity,"1 if same tissue/cell-line, 0 if different tissue"
pair_0300,gse55924_muscle_fast24h_vs_1p5h,gse3606_wbc_exhaustive_1h,muscle_x_blood,GSE55924_GSE3606,0.0,binary,tissue_similarity,"1 if same tissue/cell-line, 0 if different tissue"
pair_0301,gse55924_muscle_fast24h_vs_1p5h,gse3606_wbc_moderate_1h,muscle_x_blood,GSE55924_GSE3606,0.0,binary,tissue_similarity,"1 if same tissue/cell-line, 0 if different tissue"
pair_0302,gse55924_muscle_fast24h_vs_1p5h,gse252357_muscle_resistance_3h,muscle_x_muscle,GSE55924_GSE252357,1.0,binary,tissue_similarity,"1 if same tissue/cell-line, 0 if different tissue"
pair_0303,gse55924_muscle_fast24h_vs_1p5h,gse252357_muscle_resistance_24h,muscle_x_muscle,GSE55924_GSE252357,1.0,binary,tissue_similarity,"1 if same tissue/cell-line, 0 if different tissue"
pair_0304,gse55924_muscle_fast24h_vs_1p5h,gse28016_muscle_fast40h_vs_fed,muscle_x_muscle,GSE55924_GSE28016,1.0,binary,tissue_similarity,"1 if same tissue/cell-line, 0 if different tissue"
pair_0305,gse55924_muscle_fast24h_vs_1p5h,gse111551_muscle_running18w,muscle_x_muscle,GSE55924_GSE111551,1.0,binary,tissue_similarity,"1 if same tissue/cell-line, 0 if different tissue"
pair_0306,gse55924_muscle_fast24h_vs_1p5h,gse111552_pbmc_running18w,muscle_x_blood,GSE55924_GSE111552,0.0,binary,tissue_similarity,"1 if same tissue/cell-line, 0 if different tissue"
pair_0307,gse55924_muscle_fast24h_vs_1p5h,gse82323_muscle_heat,muscle_x_muscle,GSE55924_GSE82323,1.0,binary,tissue_similarity,"1 if same tissue/cell-line, 0 if different tissue"
pair_0308,gse55924_muscle_fast24h_vs_1p5h,gse82323_soleus_contraction,muscle_x_muscle,GSE55924_GSE82323,1.0,binary,tissue_similarity,"1 if same tissue/cell-line, 0 if different tissue"
pair_0309,gse55924_muscle_fast24h_vs_1p5h,gse82323_soleus_vibration,muscle_x_muscle,GSE55924_GSE82323,1.0,binary,tissue_similarity,"1 if same tissue/cell-line, 0 if different tissue"
pair_0310,gse55924_muscle_fast24h_vs_1p5h,gse85620_cwi_post_vs_pre,muscle_x_muscle,GSE55924_GSE85620,1.0,binary,tissue_similarity,"1 if same tissue/cell-line, 0 if different tissue"
pair_0311,gse55924_muscle_fast24h_vs_1p5h,gse85620_placebo_post_vs_pre,muscle_x_muscle,GSE55924_GSE85620,1.0,binary,tissue_similarity,"1 if same tissue/cell-line, 0 if different tissue"
pair_0312,gse156248_muscle_cold10d,gse156247_muscle_exercise12w,muscle_x_muscle,GSE156248_GSE156247,1.0,binary,tissue_similarity,"1 if same tissue/cell-line, 0 if different tissue"
pair_0313,gse156248_muscle_cold10d,gse12474_muscle_heat_sheet10w,muscle_x_muscle,GSE156248_GSE12474,1.0,binary,tissue_similarity,"1 if same tissue/cell-line, 0 if different tissue"
pair_0314,gse156248_muscle_cold10d,gse90763_pbmc_sauna_15min_after,muscle_x_blood,GSE156248_GSE90763,0.0,binary,tissue_similarity,"1 if same tissue/cell-line, 0 if different tissue"
pair_0315,gse156248_muscle_cold10d,gse129843_muscle_trf8h_vs_15h,muscle_x_muscle,GSE156248_GSE129843,1.0,binary,tissue_similarity,"1 if same tissue/cell-line, 0 if different tissue"
pair_0316,gse156248_muscle_cold10d,gse168705_adipose_tre10h_8w,muscle_x_adipose,GSE156248_GSE168705,0.0,binary,tissue_similarity,"1 if same tissue/cell-line, 0 if different tissue"
pair_0317,gse156248_muscle_cold10d,gse3606_wbc_exhaustive_1h,muscle_x_blood,GSE156248_GSE3606,0.0,binary,tissue_similarity,"1 if same tissue/cell-line, 0 if different tissue"
pair_0318,gse156248_muscle_cold10d,gse3606_wbc_moderate_1h,muscle_x_blood,GSE156248_GSE3606,0.0,binary,tissue_similarity,"1 if same tissue/cell-line, 0 if different tissue"
pair_0319,gse156248_muscle_cold10d,gse252357_muscle_resistance_3h,muscle_x_muscle,GSE156248_GSE252357,1.0,binary,tissue_similarity,"1 if same tissue/cell-line, 0 if different tissue"
pair_0320,gse156248_muscle_cold10d,gse252357_muscle_resistance_24h,muscle_x_muscle,GSE156248_GSE252357,1.0,binary,tissue_similarity,"1 if same tissue/cell-line, 0 if different tissue"
pair_0321,gse156248_muscle_cold10d,gse28016_muscle_fast40h_vs_fed,muscle_x_muscle,GSE156248_GSE28016,1.0,binary,tissue_similarity,"1 if same tissue/cell-line, 0 if different tissue"
pair_0322,gse156248_muscle_cold10d,gse111551_muscle_running18w,muscle_x_muscle,GSE156248_GSE111551,1.0,binary,tissue_similarity,"1 if same tissue/cell-line, 0 if different tissue"
pair_0323,gse156248_muscle_cold10d,gse111552_pbmc_running18w,muscle_x_blood,GSE156248_GSE111552,0.0,binary,tissue_similarity,"1 if same tissue/cell-line, 0 if different tissue"
pair_0324,gse156248_muscle_cold10d,gse82323_muscle_heat,muscle_x_muscle,GSE156248_GSE82323,1.0,binary,tissue_similarity,"1 if same tissue/cell-line, 0 if different tissue"
pair_0325,gse156248_muscle_cold10d,gse82323_soleus_contraction,muscle_x_muscle,GSE156248_GSE82323,1.0,binary,tissue_similarity,"1 if same tissue/cell-line, 0 if different tissue"
pair_0326,gse156248_muscle_cold10d,gse82323_soleus_vibration,muscle_x_muscle,GSE156248_GSE82323,1.0,binary,tissue_similarity,"1 if same tissue/cell-line, 0 if different tissue"
pair_0327,gse156248_muscle_cold10d,gse85620_cwi_post_vs_pre,muscle_x_muscle,GSE156248_GSE85620,1.0,binary,tissue_similarity,"1 if same tissue/cell-line, 0 if different tissue"
pair_0328,gse156248_muscle_cold10d,gse85620_placebo_post_vs_pre,muscle_x_muscle,GSE156248_GSE85620,1.0,binary,tissue_similarity,"1 if same tissue/cell-line, 0 if different tissue"
pair_0329,gse156247_muscle_exercise12w,gse12474_muscle_heat_sheet10w,muscle_x_muscle,GSE156247_GSE12474,1.0,binary,tissue_similarity,"1 if same tissue/cell-line, 0 if different tissue"
pair_0330,gse156247_muscle_exercise12w,gse90763_pbmc_sauna_15min_after,muscle_x_blood,GSE156247_GSE90763,0.0,binary,tissue_similarity,"1 if same tissue/cell-line, 0 if different tissue"
pair_0331,gse156247_muscle_exercise12w,gse129843_muscle_trf8h_vs_15h,muscle_x_muscle,GSE156247_GSE129843,1.0,binary,tissue_similarity,"1 if same tissue/cell-line, 0 if different tissue"
pair_0332,gse156247_muscle_exercise12w,gse168705_adipose_tre10h_8w,muscle_x_adipose,GSE156247_GSE168705,0.0,binary,tissue_similarity,"1 if same tissue/cell-line, 0 if different tissue"
pair_0333,gse156247_muscle_exercise12w,gse3606_wbc_exhaustive_1h,muscle_x_blood,GSE156247_GSE3606,0.0,binary,tissue_similarity,"1 if same tissue/cell-line, 0 if different tissue"
pair_0334,gse156247_muscle_exercise12w,gse3606_wbc_moderate_1h,muscle_x_blood,GSE156247_GSE3606,0.0,binary,tissue_similarity,"1 if same tissue/cell-line, 0 if different tissue"
pair_0335,gse156247_muscle_exercise12w,gse252357_muscle_resistance_3h,muscle_x_muscle,GSE156247_GSE252357,1.0,binary,tissue_similarity,"1 if same tissue/cell-line, 0 if different tissue"
pair_0336,gse156247_muscle_exercise12w,gse252357_muscle_resistance_24h,muscle_x_muscle,GSE156247_GSE252357,1.0,binary,tissue_similarity,"1 if same tissue/cell-line, 0 if different tissue"
pair_0337,gse156247_muscle_exercise12w,gse28016_muscle_fast40h_vs_fed,muscle_x_muscle,GSE156247_GSE28016,1.0,binary,tissue_similarity,"1 if same tissue/cell-line, 0 if different tissue"
pair_0338,gse156247_muscle_exercise12w,gse111551_muscle_running18w,muscle_x_muscle,GSE156247_GSE111551,1.0,binary,tissue_similarity,"1 if same tissue/cell-line, 0 if different tissue"
pair_0339,gse156247_muscle_exercise12w,gse111552_pbmc_running18w,muscle_x_blood,GSE156247_GSE111552,0.0,binary,tissue_similarity,"1 if same tissue/cell-line, 0 if different tissue"
pair_0340,gse156247_muscle_exercise12w,gse82323_muscle_heat,muscle_x_muscle,GSE156247_GSE82323,1.0,binary,tissue_similarity,"1 if same tissue/cell-line, 0 if different tissue"
pair_0341,gse156247_muscle_exercise12w,gse82323_soleus_contraction,muscle_x_muscle,GSE156247_GSE82323,1.0,binary,tissue_similarity,"1 if same tissue/cell-line, 0 if different tissue"
pair_0342,gse156247_muscle_exercise12w,gse82323_soleus_vibration,muscle_x_muscle,GSE156247_GSE82323,1.0,binary,tissue_similarity,"1 if same tissue/cell-line, 0 if different tissue"
pair_0343,gse156247_muscle_exercise12w,gse85620_cwi_post_vs_pre,muscle_x_muscle,GSE156247_GSE85620,1.0,binary,tissue_similarity,"1 if same tissue/cell-line, 0 if different tissue"
pair_0344,gse156247_muscle_exercise12w,gse85620_placebo_post_vs_pre,muscle_x_muscle,GSE156247_GSE85620,1.0,binary,tissue_similarity,"1 if same tissue/cell-line, 0 if different tissue"
pair_0345,gse12474_muscle_heat_sheet10w,gse90763_pbmc_sauna_15min_after,muscle_x_blood,GSE12474_GSE90763,0.0,binary,tissue_similarity,"1 if same tissue/cell-line, 0 if different tissue"
pair_0346,gse12474_muscle_heat_sheet10w,gse129843_muscle_trf8h_vs_15h,muscle_x_muscle,GSE12474_GSE129843,1.0,binary,tissue_similarity,"1 if same tissue/cell-line, 0 if different tissue"
pair_0347,gse12474_muscle_heat_sheet10w,gse168705_adipose_tre10h_8w,muscle_x_adipose,GSE12474_GSE168705,0.0,binary,tissue_similarity,"1 if same tissue/cell-line, 0 if different tissue"
pair_0348,gse12474_muscle_heat_sheet10w,gse3606_wbc_exhaustive_1h,muscle_x_blood,GSE12474_GSE3606,0.0,binary,tissue_similarity,"1 if same tissue/cell-line, 0 if different tissue"
pair_0349,gse12474_muscle_heat_sheet10w,gse3606_wbc_moderate_1h,muscle_x_blood,GSE12474_GSE3606,0.0,binary,tissue_similarity,"1 if same tissue/cell-line, 0 if different tissue"
pair_0350,gse12474_muscle_heat_sheet10w,gse252357_muscle_resistance_3h,muscle_x_muscle,GSE12474_GSE252357,1.0,binary,tissue_similarity,"1 if same tissue/cell-line, 0 if different tissue"
pair_0351,gse12474_muscle_heat_sheet10w,gse252357_muscle_resistance_24h,muscle_x_muscle,GSE12474_GSE252357,1.0,binary,tissue_similarity,"1 if same tissue/cell-line, 0 if different tissue"
pair_0352,gse12474_muscle_heat_sheet10w,gse28016_muscle_fast40h_vs_fed,muscle_x_muscle,GSE12474_GSE28016,1.0,binary,tissue_similarity,"1 if same tissue/cell-line, 0 if different tissue"
pair_0353,gse12474_muscle_heat_sheet10w,gse111551_muscle_running18w,muscle_x_muscle,GSE12474_GSE111551,1.0,binary,tissue_similarity,"1 if same tissue/cell-line, 0 if different tissue"
pair_0354,gse12474_muscle_heat_sheet10w,gse111552_pbmc_running18w,muscle_x_blood,GSE12474_GSE111552,0.0,binary,tissue_similarity,"1 if same tissue/cell-line, 0 if different tissue"
pair_0355,gse12474_muscle_heat_sheet10w,gse82323_muscle_heat,muscle_x_muscle,GSE12474_GSE82323,1.0,binary,tissue_similarity,"1 if same tissue/cell-line, 0 if different tissue"
pair_0356,gse12474_muscle_heat_sheet10w,gse82323_soleus_contraction,muscle_x_muscle,GSE12474_GSE82323,1.0,binary,tissue_similarity,"1 if same tissue/cell-line, 0 if different tissue"
pair_0357,gse12474_muscle_heat_sheet10w,gse82323_soleus_vibration,muscle_x_muscle,GSE12474_GSE82323,1.0,binary,tissue_similarity,"1 if same tissue/cell-line, 0 if different tissue"
pair_0358,gse12474_muscle_heat_sheet10w,gse85620_cwi_post_vs_pre,muscle_x_muscle,GSE12474_GSE85620,1.0,binary,tissue_similarity,"1 if same tissue/cell-line, 0 if different tissue"
pair_0359,gse12474_muscle_heat_sheet10w,gse85620_placebo_post_vs_pre,muscle_x_muscle,GSE12474_GSE85620,1.0,binary,tissue_similarity,"1 if same tissue/cell-line, 0 if different tissue"
pair_0360,gse90763_pbmc_sauna_15min_after,gse129843_muscle_trf8h_vs_15h,blood_x_muscle,GSE90763_GSE129843,0.0,binary,tissue_similarity,"1 if same tissue/cell-line, 0 if different tissue"
pair_0361,gse90763_pbmc_sauna_15min_after,gse168705_adipose_tre10h_8w,blood_x_adipose,GSE90763_GSE168705,0.0,binary,tissue_similarity,"1 if same tissue/cell-line, 0 if different tissue"
pair_0362,gse90763_pbmc_sauna_15min_after,gse3606_wbc_exhaustive_1h,blood_x_blood,GSE90763_GSE3606,1.0,binary,tissue_similarity,"1 if same tissue/cell-line, 0 if different tissue"
pair_0363,gse90763_pbmc_sauna_15min_after,gse3606_wbc_moderate_1h,blood_x_blood,GSE90763_GSE3606,1.0,binary,tissue_similarity,"1 if same tissue/cell-line, 0 if different tissue"
pair_0364,gse90763_pbmc_sauna_15min_after,gse252357_muscle_resistance_3h,blood_x_muscle,GSE90763_GSE252357,0.0,binary,tissue_similarity,"1 if same tissue/cell-line, 0 if different tissue"
pair_0365,gse90763_pbmc_sauna_15min_after,gse252357_muscle_resistance_24h,blood_x_muscle,GSE90763_GSE252357,0.0,binary,tissue_similarity,"1 if same tissue/cell-line, 0 if different tissue"
pair_0366,gse90763_pbmc_sauna_15min_after,gse28016_muscle_fast40h_vs_fed,blood_x_muscle,GSE90763_GSE28016,0.0,binary,tissue_similarity,"1 if same tissue/cell-line, 0 if different tissue"
pair_0367,gse90763_pbmc_sauna_15min_after,gse111551_muscle_running18w,blood_x_muscle,GSE90763_GSE111551,0.0,binary,tissue_similarity,"1 if same tissue/cell-line, 0 if different tissue"
pair_0368,gse90763_pbmc_sauna_15min_after,gse111552_pbmc_running18w,blood_x_blood,GSE90763_GSE111552,1.0,binary,tissue_similarity,"1 if same tissue/cell-line, 0 if different tissue"
pair_0369,gse90763_pbmc_sauna_15min_after,gse82323_muscle_heat,blood_x_muscle,GSE90763_GSE82323,0.0,binary,tissue_similarity,"1 if same tissue/cell-line, 0 if different tissue"
pair_0370,gse90763_pbmc_sauna_15min_after,gse82323_soleus_contraction,blood_x_muscle,GSE90763_GSE82323,0.0,binary,tissue_similarity,"1 if same tissue/cell-line, 0 if different tissue"
pair_0371,gse90763_pbmc_sauna_15min_after,gse82323_soleus_vibration,blood_x_muscle,GSE90763_GSE82323,0.0,binary,tissue_similarity,"1 if same tissue/cell-line, 0 if different tissue"
pair_0372,gse90763_pbmc_sauna_15min_after,gse85620_cwi_post_vs_pre,blood_x_muscle,GSE90763_GSE85620,0.0,binary,tissue_similarity,"1 if same tissue/cell-line, 0 if different tissue"
pair_0373,gse90763_pbmc_sauna_15min_after,gse85620_placebo_post_vs_pre,blood_x_muscle,GSE90763_GSE85620,0.0,binary,tissue_similarity,"1 if same tissue/cell-line, 0 if different tissue"
pair_0374,gse129843_muscle_trf8h_vs_15h,gse168705_adipose_tre10h_8w,muscle_x_adipose,GSE129843_GSE168705,0.0,binary,tissue_similarity,"1 if same tissue/cell-line, 0 if different tissue"
pair_0375,gse129843_muscle_trf8h_vs_15h,gse3606_wbc_exhaustive_1h,muscle_x_blood,GSE129843_GSE3606,0.0,binary,tissue_similarity,"1 if same tissue/cell-line, 0 if different tissue"
pair_0376,gse129843_muscle_trf8h_vs_15h,gse3606_wbc_moderate_1h,muscle_x_blood,GSE129843_GSE3606,0.0,binary,tissue_similarity,"1 if same tissue/cell-line, 0 if different tissue"
pair_0377,gse129843_muscle_trf8h_vs_15h,gse252357_muscle_resistance_3h,muscle_x_muscle,GSE129843_GSE252357,1.0,binary,tissue_similarity,"1 if same tissue/cell-line, 0 if different tissue"
pair_0378,gse129843_muscle_trf8h_vs_15h,gse252357_muscle_resistance_24h,muscle_x_muscle,GSE129843_GSE252357,1.0,binary,tissue_similarity,"1 if same tissue/cell-line, 0 if different tissue"
pair_0379,gse129843_muscle_trf8h_vs_15h,gse28016_muscle_fast40h_vs_fed,muscle_x_muscle,GSE129843_GSE28016,1.0,binary,tissue_similarity,"1 if same tissue/cell-line, 0 if different tissue"
pair_0380,gse129843_muscle_trf8h_vs_15h,gse111551_muscle_running18w,muscle_x_muscle,GSE129843_GSE111551,1.0,binary,tissue_similarity,"1 if same tissue/cell-line, 0 if different tissue"
pair_0381,gse129843_muscle_trf8h_vs_15h,gse111552_pbmc_running18w,muscle_x_blood,GSE129843_GSE111552,0.0,binary,tissue_similarity,"1 if same tissue/cell-line, 0 if different tissue"
pair_0382,gse129843_muscle_trf8h_vs_15h,gse82323_muscle_heat,muscle_x_muscle,GSE129843_GSE82323,1.0,binary,tissue_similarity,"1 if same tissue/cell-line, 0 if different tissue"
pair_0383,gse129843_muscle_trf8h_vs_15h,gse82323_soleus_contraction,muscle_x_muscle,GSE129843_GSE82323,1.0,binary,tissue_similarity,"1 if same tissue/cell-line, 0 if different tissue"
pair_0384,gse129843_muscle_trf8h_vs_15h,gse82323_soleus_vibration,muscle_x_muscle,GSE129843_GSE82323,1.0,binary,tissue_similarity,"1 if same tissue/cell-line, 0 if different tissue"
pair_0385,gse129843_muscle_trf8h_vs_15h,gse85620_cwi_post_vs_pre,muscle_x_muscle,GSE129843_GSE85620,1.0,binary,tissue_similarity,"1 if same tissue/cell-line, 0 if different tissue"
pair_0386,gse129843_muscle_trf8h_vs_15h,gse85620_placebo_post_vs_pre,muscle_x_muscle,GSE129843_GSE85620,1.0,binary,tissue_similarity,"1 if same tissue/cell-line, 0 if different tissue"
pair_0387,gse168705_adipose_tre10h_8w,gse3606_wbc_exhaustive_1h,adipose_x_blood,GSE168705_GSE3606,0.0,binary,tissue_similarity,"1 if same tissue/cell-line, 0 if different tissue"
pair_0388,gse168705_adipose_tre10h_8w,gse3606_wbc_moderate_1h,adipose_x_blood,GSE168705_GSE3606,0.0,binary,tissue_similarity,"1 if same tissue/cell-line, 0 if different tissue"
pair_0389,gse168705_adipose_tre10h_8w,gse252357_muscle_resistance_3h,adipose_x_muscle,GSE168705_GSE252357,0.0,binary,tissue_similarity,"1 if same tissue/cell-line, 0 if different tissue"
pair_0390,gse168705_adipose_tre10h_8w,gse252357_muscle_resistance_24h,adipose_x_muscle,GSE168705_GSE252357,0.0,binary,tissue_similarity,"1 if same tissue/cell-line, 0 if different tissue"
pair_0391,gse168705_adipose_tre10h_8w,gse28016_muscle_fast40h_vs_fed,adipose_x_muscle,GSE168705_GSE28016,0.0,binary,tissue_similarity,"1 if same tissue/cell-line, 0 if different tissue"
pair_0392,gse168705_adipose_tre10h_8w,gse111551_muscle_running18w,adipose_x_muscle,GSE168705_GSE111551,0.0,binary,tissue_similarity,"1 if same tissue/cell-line, 0 if different tissue"
pair_0393,gse168705_adipose_tre10h_8w,gse111552_pbmc_running18w,adipose_x_blood,GSE168705_GSE111552,0.0,binary,tissue_similarity,"1 if same tissue/cell-line, 0 if different tissue"
pair_0394,gse168705_adipose_tre10h_8w,gse82323_muscle_heat,adipose_x_muscle,GSE168705_GSE82323,0.0,binary,tissue_similarity,"1 if same tissue/cell-line, 0 if different tissue"
pair_0395,gse168705_adipose_tre10h_8w,gse82323_soleus_contraction,adipose_x_muscle,GSE168705_GSE82323,0.0,binary,tissue_similarity,"1 if same tissue/cell-line, 0 if different tissue"
pair_0396,gse168705_adipose_tre10h_8w,gse82323_soleus_vibration,adipose_x_muscle,GSE168705_GSE82323,0.0,binary,tissue_similarity,"1 if same tissue/cell-line, 0 if different tissue"
pair_0397,gse168705_adipose_tre10h_8w,gse85620_cwi_post_vs_pre,adipose_x_muscle,GSE168705_GSE85620,0.0,binary,tissue_similarity,"1 if same tissue/cell-line, 0 if different tissue"
pair_0398,gse168705_adipose_tre10h_8w,gse85620_placebo_post_vs_pre,adipose_x_muscle,GSE168705_GSE85620,0.0,binary,tissue_similarity,"1 if same tissue/cell-line, 0 if different tissue"
pair_0399,gse3606_wbc_exhaustive_1h,gse3606_wbc_moderate_1h,blood_x_blood,GSE3606_GSE3606,1.0,binary,tissue_similarity,"1 if same tissue/cell-line, 0 if different tissue"
pair_0400,gse3606_wbc_exhaustive_1h,gse252357_muscle_resistance_3h,blood_x_muscle,GSE3606_GSE252357,0.0,binary,tissue_similarity,"1 if same tissue/cell-line, 0 if different tissue"
pair_0401,gse3606_wbc_exhaustive_1h,gse252357_muscle_resistance_24h,blood_x_muscle,GSE3606_GSE252357,0.0,binary,tissue_similarity,"1 if same tissue/cell-line, 0 if different tissue"
pair_0402,gse3606_wbc_exhaustive_1h,gse28016_muscle_fast40h_vs_fed,blood_x_muscle,GSE3606_GSE28016,0.0,binary,tissue_similarity,"1 if same tissue/cell-line, 0 if different tissue"
pair_0403,gse3606_wbc_exhaustive_1h,gse111551_muscle_running18w,blood_x_muscle,GSE3606_GSE111551,0.0,binary,tissue_similarity,"1 if same tissue/cell-line, 0 if different tissue"
pair_0404,gse3606_wbc_exhaustive_1h,gse111552_pbmc_running18w,blood_x_blood,GSE3606_GSE111552,1.0,binary,tissue_similarity,"1 if same tissue/cell-line, 0 if different tissue"
pair_0405,gse3606_wbc_exhaustive_1h,gse82323_muscle_heat,blood_x_muscle,GSE3606_GSE82323,0.0,binary,tissue_similarity,"1 if same tissue/cell-line, 0 if different tissue"
pair_0406,gse3606_wbc_exhaustive_1h,gse82323_soleus_contraction,blood_x_muscle,GSE3606_GSE82323,0.0,binary,tissue_similarity,"1 if same tissue/cell-line, 0 if different tissue"
pair_0407,gse3606_wbc_exhaustive_1h,gse82323_soleus_vibration,blood_x_muscle,GSE3606_GSE82323,0.0,binary,tissue_similarity,"1 if same tissue/cell-line, 0 if different tissue"
pair_0408,gse3606_wbc_exhaustive_1h,gse85620_cwi_post_vs_pre,blood_x_muscle,GSE3606_GSE85620,0.0,binary,tissue_similarity,"1 if same tissue/cell-line, 0 if different tissue"
pair_0409,gse3606_wbc_exhaustive_1h,gse85620_placebo_post_vs_pre,blood_x_muscle,GSE3606_GSE85620,0.0,binary,tissue_similarity,"1 if same tissue/cell-line, 0 if different tissue"
pair_0410,gse3606_wbc_moderate_1h,gse252357_muscle_resistance_3h,blood_x_muscle,GSE3606_GSE252357,0.0,binary,tissue_similarity,"1 if same tissue/cell-line, 0 if different tissue"
pair_0411,gse3606_wbc_moderate_1h,gse252357_muscle_resistance_24h,blood_x_muscle,GSE3606_GSE252357,0.0,binary,tissue_similarity,"1 if same tissue/cell-line, 0 if different tissue"
pair_0412,gse3606_wbc_moderate_1h,gse28016_muscle_fast40h_vs_fed,blood_x_muscle,GSE3606_GSE28016,0.0,binary,tissue_similarity,"1 if same tissue/cell-line, 0 if different tissue"
pair_0413,gse3606_wbc_moderate_1h,gse111551_muscle_running18w,blood_x_muscle,GSE3606_GSE111551,0.0,binary,tissue_similarity,"1 if same tissue/cell-line, 0 if different tissue"
pair_0414,gse3606_wbc_moderate_1h,gse111552_pbmc_running18w,blood_x_blood,GSE3606_GSE111552,1.0,binary,tissue_similarity,"1 if same tissue/cell-line, 0 if different tissue"
pair_0415,gse3606_wbc_moderate_1h,gse82323_muscle_heat,blood_x_muscle,GSE3606_GSE82323,0.0,binary,tissue_similarity,"1 if same tissue/cell-line, 0 if different tissue"
pair_0416,gse3606_wbc_moderate_1h,gse82323_soleus_contraction,blood_x_muscle,GSE3606_GSE82323,0.0,binary,tissue_similarity,"1 if same tissue/cell-line, 0 if different tissue"
pair_0417,gse3606_wbc_moderate_1h,gse82323_soleus_vibration,blood_x_muscle,GSE3606_GSE82323,0.0,binary,tissue_similarity,"1 if same tissue/cell-line, 0 if different tissue"
pair_0418,gse3606_wbc_moderate_1h,gse85620_cwi_post_vs_pre,blood_x_muscle,GSE3606_GSE85620,0.0,binary,tissue_similarity,"1 if same tissue/cell-line, 0 if different tissue"
pair_0419,gse3606_wbc_moderate_1h,gse85620_placebo_post_vs_pre,blood_x_muscle,GSE3606_GSE85620,0.0,binary,tissue_similarity,"1 if same tissue/cell-line, 0 if different tissue"
pair_0420,gse252357_muscle_resistance_3h,gse252357_muscle_resistance_24h,muscle_x_muscle,GSE252357_GSE252357,1.0,binary,tissue_similarity,"1 if same tissue/cell-line, 0 if different tissue"
pair_0421,gse252357_muscle_resistance_3h,gse28016_muscle_fast40h_vs_fed,muscle_x_muscle,GSE252357_GSE28016,1.0,binary,tissue_similarity,"1 if same tissue/cell-line, 0 if different tissue"
pair_0422,gse252357_muscle_resistance_3h,gse111551_muscle_running18w,muscle_x_muscle,GSE252357_GSE111551,1.0,binary,tissue_similarity,"1 if same tissue/cell-line, 0 if different tissue"
pair_0423,gse252357_muscle_resistance_3h,gse111552_pbmc_running18w,muscle_x_blood,GSE252357_GSE111552,0.0,binary,tissue_similarity,"1 if same tissue/cell-line, 0 if different tissue"
pair_0424,gse252357_muscle_resistance_3h,gse82323_muscle_heat,muscle_x_muscle,GSE252357_GSE82323,1.0,binary,tissue_similarity,"1 if same tissue/cell-line, 0 if different tissue"
pair_0425,gse252357_muscle_resistance_3h,gse82323_soleus_contraction,muscle_x_muscle,GSE252357_GSE82323,1.0,binary,tissue_similarity,"1 if same tissue/cell-line, 0 if different tissue"
pair_0426,gse252357_muscle_resistance_3h,gse82323_soleus_vibration,muscle_x_muscle,GSE252357_GSE82323,1.0,binary,tissue_similarity,"1 if same tissue/cell-line, 0 if different tissue"
pair_0427,gse252357_muscle_resistance_3h,gse85620_cwi_post_vs_pre,muscle_x_muscle,GSE252357_GSE85620,1.0,binary,tissue_similarity,"1 if same tissue/cell-line, 0 if different tissue"
pair_0428,gse252357_muscle_resistance_3h,gse85620_placebo_post_vs_pre,muscle_x_muscle,GSE252357_GSE85620,1.0,binary,tissue_similarity,"1 if same tissue/cell-line, 0 if different tissue"
pair_0429,gse252357_muscle_resistance_24h,gse28016_muscle_fast40h_vs_fed,muscle_x_muscle,GSE252357_GSE28016,1.0,binary,tissue_similarity,"1 if same tissue/cell-line, 0 if different tissue"
pair_0430,gse252357_muscle_resistance_24h,gse111551_muscle_running18w,muscle_x_muscle,GSE252357_GSE111551,1.0,binary,tissue_similarity,"1 if same tissue/cell-line, 0 if different tissue"
pair_0431,gse252357_muscle_resistance_24h,gse111552_pbmc_running18w,muscle_x_blood,GSE252357_GSE111552,0.0,binary,tissue_similarity,"1 if same tissue/cell-line, 0 if different tissue"
pair_0432,gse252357_muscle_resistance_24h,gse82323_muscle_heat,muscle_x_muscle,GSE252357_GSE82323,1.0,binary,tissue_similarity,"1 if same tissue/cell-line, 0 if different tissue"
pair_0433,gse252357_muscle_resistance_24h,gse82323_soleus_contraction,muscle_x_muscle,GSE252357_GSE82323,1.0,binary,tissue_similarity,"1 if same tissue/cell-line, 0 if different tissue"
pair_0434,gse252357_muscle_resistance_24h,gse82323_soleus_vibration,muscle_x_muscle,GSE252357_GSE82323,1.0,binary,tissue_similarity,"1 if same tissue/cell-line, 0 if different tissue"
pair_0435,gse252357_muscle_resistance_24h,gse85620_cwi_post_vs_pre,muscle_x_muscle,GSE252357_GSE85620,1.0,binary,tissue_similarity,"1 if same tissue/cell-line, 0 if different tissue"
pair_0436,gse252357_muscle_resistance_24h,gse85620_placebo_post_vs_pre,muscle_x_muscle,GSE252357_GSE85620,1.0,binary,tissue_similarity,"1 if same tissue/cell-line, 0 if different tissue"
pair_0437,gse28016_muscle_fast40h_vs_fed,gse111551_muscle_running18w,muscle_x_muscle,GSE28016_GSE111551,1.0,binary,tissue_similarity,"1 if same tissue/cell-line, 0 if different tissue"
pair_0438,gse28016_muscle_fast40h_vs_fed,gse111552_pbmc_running18w,muscle_x_blood,GSE28016_GSE111552,0.0,binary,tissue_similarity,"1 if same tissue/cell-line, 0 if different tissue"
pair_0439,gse28016_muscle_fast40h_vs_fed,gse82323_muscle_heat,muscle_x_muscle,GSE28016_GSE82323,1.0,binary,tissue_similarity,"1 if same tissue/cell-line, 0 if different tissue"
pair_0440,gse28016_muscle_fast40h_vs_fed,gse82323_soleus_contraction,muscle_x_muscle,GSE28016_GSE82323,1.0,binary,tissue_similarity,"1 if same tissue/cell-line, 0 if different tissue"
pair_0441,gse28016_muscle_fast40h_vs_fed,gse82323_soleus_vibration,muscle_x_muscle,GSE28016_GSE82323,1.0,binary,tissue_similarity,"1 if same tissue/cell-line, 0 if different tissue"
pair_0442,gse28016_muscle_fast40h_vs_fed,gse85620_cwi_post_vs_pre,muscle_x_muscle,GSE28016_GSE85620,1.0,binary,tissue_similarity,"1 if same tissue/cell-line, 0 if different tissue"
pair_0443,gse28016_muscle_fast40h_vs_fed,gse85620_placebo_post_vs_pre,muscle_x_muscle,GSE28016_GSE85620,1.0,binary,tissue_similarity,"1 if same tissue/cell-line, 0 if different tissue"
pair_0444,gse111551_muscle_running18w,gse111552_pbmc_running18w,muscle_x_blood,GSE111551_GSE111552,0.0,binary,tissue_similarity,"1 if same tissue/cell-line, 0 if different tissue"
pair_0445,gse111551_muscle_running18w,gse82323_muscle_heat,muscle_x_muscle,GSE111551_GSE82323,1.0,binary,tissue_similarity,"1 if same tissue/cell-line, 0 if different tissue"
pair_0446,gse111551_muscle_running18w,gse82323_soleus_contraction,muscle_x_muscle,GSE111551_GSE82323,1.0,binary,tissue_similarity,"1 if same tissue/cell-line, 0 if different tissue"
pair_0447,gse111551_muscle_running18w,gse82323_soleus_vibration,muscle_x_muscle,GSE111551_GSE82323,1.0,binary,tissue_similarity,"1 if same tissue/cell-line, 0 if different tissue"
pair_0448,gse111551_muscle_running18w,gse85620_cwi_post_vs_pre,muscle_x_muscle,GSE111551_GSE85620,1.0,binary,tissue_similarity,"1 if same tissue/cell-line, 0 if different tissue"
pair_0449,gse111551_muscle_running18w,gse85620_placebo_post_vs_pre,muscle_x_muscle,GSE111551_GSE85620,1.0,binary,tissue_similarity,"1 if same tissue/cell-line, 0 if different tissue"
pair_0450,gse111552_pbmc_running18w,gse82323_muscle_heat,blood_x_muscle,GSE111552_GSE82323,0.0,binary,tissue_similarity,"1 if same tissue/cell-line, 0 if different tissue"
pair_0451,gse111552_pbmc_running18w,gse82323_soleus_contraction,blood_x_muscle,GSE111552_GSE82323,0.0,binary,tissue_similarity,"1 if same tissue/cell-line, 0 if different tissue"
pair_0452,gse111552_pbmc_running18w,gse82323_soleus_vibration,blood_x_muscle,GSE111552_GSE82323,0.0,binary,tissue_similarity,"1 if same tissue/cell-line, 0 if different tissue"
pair_0453,gse111552_pbmc_running18w,gse85620_cwi_post_vs_pre,blood_x_muscle,GSE111552_GSE85620,0.0,binary,tissue_similarity,"1 if same tissue/cell-line, 0 if different tissue"
pair_0454,gse111552_pbmc_running18w,gse85620_placebo_post_vs_pre,blood_x_muscle,GSE111552_GSE85620,0.0,binary,tissue_similarity,"1 if same tissue/cell-line, 0 if different tissue"
pair_0455,gse82323_muscle_heat,gse82323_soleus_contraction,muscle_x_muscle,GSE82323_GSE82323,1.0,binary,tissue_similarity,"1 if same tissue/cell-line, 0 if different tissue"
pair_0456,gse82323_muscle_heat,gse82323_soleus_vibration,muscle_x_muscle,GSE82323_GSE82323,1.0,binary,tissue_similarity,"1 if same tissue/cell-line, 0 if different tissue"
pair_0457,gse82323_muscle_heat,gse85620_cwi_post_vs_pre,muscle_x_muscle,GSE82323_GSE85620,1.0,binary,tissue_similarity,"1 if same tissue/cell-line, 0 if different tissue"
pair_0458,gse82323_muscle_heat,gse85620_placebo_post_vs_pre,muscle_x_muscle,GSE82323_GSE85620,1.0,binary,tissue_similarity,"1 if same tissue/cell-line, 0 if different tissue"
pair_0459,gse82323_soleus_contraction,gse82323_soleus_vibration,muscle_x_muscle,GSE82323_GSE82323,1.0,binary,tissue_similarity,"1 if same tissue/cell-line, 0 if different tissue"
pair_0460,gse82323_soleus_contraction,gse85620_cwi_post_vs_pre,muscle_x_muscle,GSE82323_GSE85620,1.0,binary,tissue_similarity,"1 if same tissue/cell-line, 0 if different tissue"
pair_0461,gse82323_soleus_contraction,gse85620_placebo_post_vs_pre,muscle_x_muscle,GSE82323_GSE85620,1.0,binary,tissue_similarity,"1 if same tissue/cell-line, 0 if different tissue"
pair_0462,gse82323_soleus_vibration,gse85620_cwi_post_vs_pre,muscle_x_muscle,GSE82323_GSE85620,1.0,binary,tissue_similarity,"1 if same tissue/cell-line, 0 if different tissue"
pair_0463,gse82323_soleus_vibration,gse85620_placebo_post_vs_pre,muscle_x_muscle,GSE82323_GSE85620,1.0,binary,tissue_similarity,"1 if same tissue/cell-line, 0 if different tissue"
pair_0464,gse85620_cwi_post_vs_pre,gse85620_placebo_post_vs_pre,muscle_x_muscle,GSE85620_GSE85620,1.0,binary,tissue_similarity,"1 if same tissue/cell-line, 0 if different tissue"
